분류,단원,단어,뜻
표제어,Day 01,fair,"공평한; 타당한; 상당한; 금발의, 흰 피부의; 박람회"
파생어,Day 01,fairly,상당히; 공정하게
파생어,Day 01,fairness,"공정, 공평"
표제어,Day 01,attempt,"시도, 노력; 시도하다"
표제어,Day 01,merely,"한낱, 단지, 그저"
파생어,Day 01,mere,"겨우 ~의, (한낱) ~에 불과한"
표제어,Day 01,comfort,"위로, 위안; 편안함; 위로하다; 편하게 하다"
파생어,Day 01,comfortable,편안한
파생어,Day 01,comfortingly,격려가 되게
표제어,Day 01,import,"수입하다; ~의 뜻을 함축하다; 중요하다; 수입, 수입품; 의미; 중요성"
파생어,Day 01,importer,"수입업자, 수입국"
파생어,Day 01,importable,수입 가능한
표제어,Day 01,register,"등록하다; 기록하다; 신청하다; 등록, 등록부"
파생어,Day 01,registration,"등록, 접수"
표제어,Day 01,accuse,"고발[고소]하다, 비난하다"
파생어,Day 01,accusation,"고발, 비난"
파생어,Day 01,the accused,피고(인)
표제어,Day 01,include,"포함하다; 넣다, 포함시키다"
파생어,Day 01,inclusion,포함; 함유(물)
파생어,Day 01,including,~을 포함하여
표제어,Day 01,exclude,제외하다; 차단하다
파생어,Day 01,exclusion,제외; 차단
파생어,Day 01,excluding,~을 제외하고
표제어,Day 01,approach,"접근하다, 다가가다[오다]; 접근(법)"
표제어,Day 01,nevertheless,그럼에도 불구하고
표제어,Day 01,reliable,"믿을 수 있는, 확실한"
파생어,Day 01,rely,"의지하다, 믿다"
파생어,Day 01,reliance,"의존, 의지"
표제어,Day 01,promote,증진[촉진]하다; 승진시키다; 홍보하다
파생어,Day 01,promotion,"승진; 판촉, 홍보"
표제어,Day 01,adjust,"적응하다; 조정하다, 맞추다"
파생어,Day 01,adjustment,조정; 적응
표제어,Day 01,predict,"예언하다, 예측하다"
파생어,Day 01,predictable,예측할 수 있는
파생어,Day 01,prediction,"예언, 예측"
표제어,Day 01,install,"설치하다, 설비하다"
파생어,Day 01,installation,"설치, 설비; 장치"
표제어,Day 01,alternative,"대안, 선택 가능한 것; 대체 가능한, 대안이 되는"
파생어,Day 01,alternate,번갈아 나오는; 대안의; 번갈아 나오다
표제어,Day 01,variable,"변하기 쉬운, 변덕스러운"
파생어,Day 01,vary,바꾸다; 다르다
파생어,Day 01,variation,변화; 변형
파생어,Day 01,variety,"다양(성), 변화(가 많음)"
표제어,Day 01,various,"여러 가지의, 다양한"
표제어,Day 01,varied,가지각색의
표제어,Day 01,appoint,임명[지명]하다; (시간·장소 등을) 정하다
파생어,Day 01,appointment,"약속; 임명, 지명"
표제어,Day 01,locate,"위치하다; (위치를) 알아내다; (특정 위치에) 두다, 설치하다"
파생어,Day 01,location,"위치, 장소"
표제어,Day 01,celebrity,유명 인사; 명성
표제어,Day 01,handle,처리하다; 다루다; 손잡이
표제어,Day 01,originate,"((~ from)) 생기다, 일어나다; ((~ in)) 비롯되다, 유래하다"
파생어,Day 01,origination,창작; 발명
표제어,Day 01,aware,"알아차린, 알고 있는"
파생어,Day 01,awareness,"인식, 알고 있음"
파생어,Day 01,be aware of,~을 알아채다
표제어,Day 01,caution,"조심, 신중; 경고; 경고하다"
파생어,Day 01,cautious,"조심성 있는, 신중한"
파생어,Day 01,with caution,"조심하여, 신중히"
표제어,Day 01,barrier,"장애, 장벽; 방벽, 국경의 요새"
표제어,Day 01,anticipate,"예상하다, 예측하다; 기대하다"
파생어,Day 01,anticipation,예상; 기대
표제어,Day 01,breed,"번식하다; 사육하다, 재배하다; (가축의) 품종"
표제어,Day 02,commit,"(죄를) 범하다; 약속하다; 전념하다, 헌신하다"
파생어,Day 02,commitment,약속; 헌신; 위탁
표제어,Day 02,hence,"따라서, 그러므로; 향후"
표제어,Day 02,theorize,(이론·학설 등을) 세우다
파생어,Day 02,theory,"이론, 학설"
표제어,Day 02,assert,주장하다; 단언하다
파생어,Day 02,assertion,"주장, 단언"
표제어,Day 02,distribute,"나누어 주다, 분배하다; 유통시키다"
파생어,Day 02,distribution,"분배, 배급; 분포"
표제어,Day 02,steep,가파른; 급격한
파생어,Day 02,steeply,가파르게
표제어,Day 02,former,"이전의, 예전의; ((the ~)) (둘 중에서) 전자"
표제어,Day 02,latter,후반의; (둘 중에서) 후자의; ((the ~)) (둘 중에서) 후자
표제어,Day 02,perceive,"인지하다, 알아차리다; 여기다"
파생어,Day 02,perception,"지각, 인지"
파생어,Day 02,perceptive,지각력이 있는
표제어,Day 02,combine,결합하다[되다]; 겸비하다
파생어,Day 02,combination,결합
표제어,Day 02,proceed,"계속하다[되다], 진행하다[되다]; 나아가다"
파생어,Day 02,procedure,"절차, 진행 방식"
파생어,Day 02,process,"진행, 과정; 처리하다"
표제어,Day 02,obvious,"명백한, 분명한"
파생어,Day 02,obviously,"명백하게, 분명히"
표제어,Day 02,apply,"신청하다, 지원하다; 적용되다; 바르다"
파생어,Day 02,application,"신청, 지원(서); 적용"
파생어,Day 02,applicant,지원자
표제어,Day 02,concentrate,집중하다; (한 곳에) 모으다
파생어,Day 02,concentration,집중(력); 농축
표제어,Day 02,crisis,"위기, 결정적인 시기"
표제어,Day 02,inclined,~하는 경향이 있는; ~할 마음이 있는
파생어,Day 02,incline,마음이 내키게 하다; 기울(이)다
파생어,Day 02,inclination,경향; 경사
표제어,Day 02,emotion,"감정, 정서"
파생어,Day 02,emotional,감정적인
표제어,Day 02,represent,대표하다; 나타내다; 보여주다
파생어,Day 02,representation,"표현, 표상, 대표"
표제어,Day 02,feature,특징; 이목구비; 특집 (기사[방송]); 특징으로 삼다
표제어,Day 02,relevant,관련된; 적절한
파생어,Day 02,relevance,관련성; 타당성
표제어,Day 02,factual,사실에 입각한
표제어,Day 02,concern,걱정; 관심사; 관계; 걱정하다[시키다]; 관심을 갖다
파생어,Day 02,concerned,걱정하는; 관계하는
파생어,Day 02,concerning,~에 관한
표제어,Day 02,classify,"분류하다, 구분하다"
파생어,Day 02,classified,분류된; 기밀의
파생어,Day 02,classification,분류
표제어,Day 02,circumstance,"((주로 ~s)) 상황, 주위 사정; (경제적) 형편, 처지"
파생어,Day 02,circumstantial,"정황적인, 형편에 따른"
표제어,Day 02,involve,"포함하다, 수반하다; 관련시키다; 참여시키다"
파생어,Day 02,involved,관련된; 복잡한
파생어,Day 02,involvement,"관련, 개입, 연루"
표제어,Day 02,occasion,"(특정한) 때, 경우; 특별한 일[행사]"
파생어,Day 02,occasional,때때로의
파생어,Day 02,occasionally,"가끔, 때때로"
표제어,Day 02,exterior,"바깥쪽의, 외부의; 외부"
표제어,Day 02,respect,"존경하다, 존중하다; (법 등을) 준수하다; 존경, 존중; 측면, 관점"
파생어,Day 02,respectful,공손한
파생어,Day 02,respective,각각의
파생어,Day 02,respectable,존경할 만한
파생어,Day 02,respectively,"각자, 각각"
표제어,Day 02,clarify,"명백하게 하다, 분명해지다"
파생어,Day 02,clarification,설명
표제어,Day 02,artificial,"인공의, 인조의; (행동이) 거짓인, 꾸민"
표제어,Day 03,confirm,"(~이 사실임을) 보여주다; (약속 등을) 확인하다, 확정하다"
파생어,Day 03,confirmation,"확인, 확정"
표제어,Day 03,state,"상태, 상황; 국가, 주(州); (정식으로) 말하다, 진술하다"
파생어,Day 03,statement,"성명(서), 진술"
파생어,Day 03,statesman,정치가
표제어,Day 03,resist,저항하다; 반대하다
파생어,Day 03,resistance,저항
표제어,Day 03,acknowledge,"인정하다, 승인하다; 감사를 표하다"
파생어,Day 03,acknowledg(e)ment,승인; 감사
표제어,Day 03,crucial,"결정적인, 중대한"
파생어,Day 03,crucially,결정적으로
표제어,Day 03,gather,"모으다, 모이다; (수집된 정보에 따라) 이해하다"
파생어,Day 03,gathering,모임
표제어,Day 03,ignore,무시하다; 못 본 척하다
파생어,Day 03,ignorant,"~을 모르는, 무지한"
파생어,Day 03,ignorance,"무지, 무식"
표제어,Day 03,demand,요구하다; 필요로 하다; 요구; 수요
파생어,Day 03,demanding,요구가 많은; 힘든
파생어,Day 03,on demand,요구가 있는 대로
표제어,Day 03,supply,공급하다; 공급(량); ((~ies)) 보급품
표제어,Day 03,delicate,"(연)약한, 깨지기 쉬운; 섬세한, 우아한; 미묘한"
파생어,Day 03,delicacy,연약함; 섬세함
파생어,Day 03,delicately,우아하게; 미묘하게
표제어,Day 03,corporate,기업의; 법인의; 공동의
파생어,Day 03,corporation,"기업, 회사; 법인"
표제어,Day 03,eventually,"결국, 최종적으로, 마침내"
파생어,Day 03,eventual,"최후의, 궁극적인"
표제어,Day 03,object,"물체; 목적, 목표; (행동·감정의) 대상; 반대하다"
파생어,Day 03,objection,반대
표제어,Day 03,recognize,"알아보다, 인지하다; 인정하다"
파생어,Day 03,recognition,인식; 인정
표제어,Day 03,deny,"부정하다, 인정하지 않다; 거절하다"
파생어,Day 03,denial,부정; 거부
표제어,Day 03,differ,((~ from)) 다르다
파생어,Day 03,different,다른
표제어,Day 03,rent,"임대하다, 빌리다; 세, 집세"
파생어,Day 03,rental,임대료; 임대의
표제어,Day 03,charity,자선; 기부; 모금
표제어,Day 03,encourage,"용기를 북돋우다; 장려하다; 조장하다, 부추기다"
파생어,Day 03,encouragement,격려(가 되는 것)
파생어,Day 03,encouraging,힘을 북돋아 주는
표제어,Day 03,dense,"밀집한, 빽빽한; (앞이 안 보이게) 짙은"
파생어,Day 03,density,"밀도, 농도"
파생어,Day 03,densely,"조밀하게, 빽빽하게"
표제어,Day 03,damage,"손해, 손상; 손해[피해]를 입히다"
표제어,Day 03,cooperate,"협력하다, 협동하다"
파생어,Day 03,cooperation,"협력, 협동"
파생어,Day 03,cooperative,협력하는
표제어,Day 03,accurate,"정확한, 정밀한"
파생어,Day 03,accuracy,정확(성)
파생어,Day 03,accurately,"정확하게, 정밀하게"
표제어,Day 03,offense,"위반, 범죄; 공격"
파생어,Day 03,offend,화나게 하다; 위반하다
파생어,Day 03,offensive,화나게 하는; 공격의
표제어,Day 03,defense,방어(물); 변호
파생어,Day 03,defend,방어하다; 변호하다
파생어,Day 03,defensive,"방어용의, 방어적인"
파생어,Day 03,defendant,피고인
표제어,Day 03,compose,"구성하다; 작곡하다, 작문하다"
파생어,Day 03,composition,구성; 작곡
파생어,Day 03,composite,"혼성의, 합성의"
표제어,Day 03,contain,"들어있다, 포함하다"
파생어,Day 03,container,"컨테이너, 용기"
표제어,Day 03,charge,청구하다; 고발하다; 책임을 지우다; 충전하다; 요금; 책임
표제어,Day 03,debate,"논쟁, 토론; 논쟁하다, 토론하다"
표제어,Day 03,overlap,"겹치다, 포개지다; 중복되다"
표제어,Day 04,yield,"산출하다, 생산하다; 굴복하다; 양보하다; (농작물 등의) 산출량"
표제어,Day 04,devote,"(노력·시간을) 바치다, 기울이다"
파생어,Day 04,devotion,"헌신, 전념"
파생어,Day 04,devote oneself to,"~에 전념하다, 몰두하다"
표제어,Day 04,indicate,"나타내다, 암시하다; 가리키다"
파생어,Day 04,indication,"표시, 암시"
파생어,Day 04,indicator,"지표, 지수"
표제어,Day 04,function,"기능, 역할; 작용하다, 기능하다"
파생어,Day 04,functional,"기능적인, 기능상의"
표제어,Day 04,interrupt,"방해하다, 중단시키다"
파생어,Day 04,interruption,방해(물); 중단
표제어,Day 04,feat,"위업, 공적"
표제어,Day 04,evident,"명백한, 분명한"
파생어,Day 04,evidently,"명백하게, 분명하게"
표제어,Day 04,output,"출력, 생산"
표제어,Day 04,violate,"위반하다, 어기다; 침해하다"
파생어,Day 04,violator,"위반자, 위배자"
표제어,Day 04,declare,"선언하다, 발표하다; (세관 등에) 신고하다"
파생어,Day 04,declaration,"선언, 발표; 신고"
표제어,Day 04,instant,"즉각적인; 즉석요리의; 즉시, 찰나"
파생어,Day 04,instantly,"즉각, 즉시"
표제어,Day 04,struggle,"버둥거리다, 허덕이다; 분투하다, 열심히 노력하다; 싸움; 노력"
표제어,Day 04,induce,"권유하다, 설득하여 ~시키다; 일으키다, 유발하다"
파생어,Day 04,induction,"유도, 유발; 귀납법"
파생어,Day 04,inducement,"권유, 유도(하는 것)"
표제어,Day 04,adapt,적응하다[시키다]; 개조하다
파생어,Day 04,adaptation,적응; 각색
파생어,Day 04,adaptive,적응할 수 있는
표제어,Day 04,adopt,입양하다; 채택[채용]하다
파생어,Day 04,adoption,입양; 채택
파생어,Day 04,adoptive,양자 관계의
표제어,Day 04,dedicate,"(시간·노력을) 바치다, 헌신하다"
파생어,Day 04,dedication,헌신
파생어,Day 04,dedicated,헌신적인
표제어,Day 04,addicted,"중독된, 푹 빠진"
파생어,Day 04,addiction,중독
파생어,Day 04,addict,중독자
표제어,Day 04,distance,"거리, 간격; 먼 거리, 먼 곳"
파생어,Day 04,distant,먼
표제어,Day 04,disturb,방해하다; 어지럽히다
파생어,Day 04,disturbance,"소란, 소동; 방해"
표제어,Day 04,donation,"기부(금), 기증(품)"
파생어,Day 04,donate,"기부하다, 기증하다"
파생어,Day 04,donor,"기부자, 기증자"
표제어,Day 04,disappear,사라지다
표제어,Day 04,vivid,"생생한, 선명한"
파생어,Day 04,vividly,"생생하게, 선명하게"
표제어,Day 04,regard,"여기다, 간주하다; 존경; 관심, 고려; ((~s)) 안부 인사"
파생어,Day 04,regarding,~에 관해서는
파생어,Day 04,regardless of,~에 관계없이
표제어,Day 04,disrupt,"방해하다, 지장을 주다"
표제어,Day 04,retire,"은퇴하다, 퇴직하다, 그만두다"
파생어,Day 04,retirement,"은퇴, 퇴직"
표제어,Day 04,enhance,"높이다, 강화하다"
표제어,Day 04,adequate,"적절한, 충분한"
파생어,Day 04,adequately,"충분히, 적절히"
표제어,Day 04,estimate,"(가치 등을) 추정하다, 평가하다; 추정; 견적서"
파생어,Day 04,estimation,"판단, 평가"
표제어,Day 04,arrange,"정하다, 준비하다; 정리[배열]하다; 편곡하다"
파생어,Day 04,arrangement,((~s)) 준비; 정리; 합의
표제어,Day 04,restrain,"제지하다; (감정·행동 등을) 억누르다, 억제하다"
파생어,Day 04,restraint,"규제, 제한, 제지"
표제어,Day 05,amend,"(법 등을) 수정하다, 개정하다"
파생어,Day 05,amendment,"개정, 수정"
표제어,Day 05,account,"설명, 보고; 계좌; 설명하다; 차지하다"
표제어,Day 05,sum,"액수; ((the ~ of)) 합계, 총합, 전부"
파생어,Day 05,the sum total,"총액, 총합"
파생어,Day 05,in sum,요컨대
표제어,Day 05,affirm,"단언하다, 확언하다"
파생어,Day 05,affirmation,"확언, 단언"
파생어,Day 05,affirmative,긍정의; 긍정적 대답
표제어,Day 05,adversity,역경
파생어,Day 05,adverse,거스르는; 불리한
파생어,Day 05,adversely,"불리하게, 반대로"
표제어,Day 05,extend,연장하다; 뻗다; 확장하다
파생어,Day 05,extension,연장; 확장
파생어,Day 05,extensive,"넓은, 광범위한"
표제어,Day 05,extent,"범위, 정도; 넓이, 크기"
파생어,Day 05,to some[a certain] extent,"어느 정도까지는, 다소"
표제어,Day 05,expose,"드러내다, 노출시키다; 폭로하다"
파생어,Day 05,exposure,노출; 폭로
파생어,Day 05,exposition,해설; 전시[박람]회
표제어,Day 05,exhaust,기진맥진하게 만들다; 다 써버리다; 배기가스
파생어,Day 05,exhausted,기진맥진한; 소요된
파생어,Day 05,exhaustion,기진맥진; 고갈
표제어,Day 05,obey,"복종하다, 따르다, 준수하다"
파생어,Day 05,obedient,복종하는
파생어,Day 05,obedience,복종
표제어,Day 05,confess,"자백하다, 고백하다"
파생어,Day 05,confession,"자백, 고백"
표제어,Day 05,affair,"((~s)) 일, 활동; 사건, 스캔들"
표제어,Day 05,appreciate,"이해하다; 감상하다, 진가를 알다; 고맙게 생각하다"
파생어,Day 05,appreciation,감상; 감사; 이해
표제어,Day 05,potential,"잠재적인, 가능성이 있는; 가능성, 잠재력"
파생어,Day 05,potentially,"잠재적으로, 어쩌면"
표제어,Day 05,rule,"규칙, 원칙; 지배, 통치; 지배하다, 통치하다"
파생어,Day 05,ruler,통치자
파생어,Day 05,as a rule,"원칙적으로, 대개"
표제어,Day 05,solid,"단단한, 견고한; 순~, 순수한; 속이 꽉 찬; 고체"
파생어,Day 05,solidity,"견고함, 탄탄함"
표제어,Day 05,alert,"방심하지 않는, 조심하는; 경고하다; 경계"
표제어,Day 05,manufacture,"제조하다, 생산하다; 제조, 생산; ((~s)) 제품"
파생어,Day 05,manufacturer,"제조업자, 제작사"
표제어,Day 05,profit,"이익, 이윤; 이익을 얻다[주다]"
파생어,Day 05,profitable,"이익이 되는, 유익한"
표제어,Day 05,genuine,진실된; 진짜의
표제어,Day 05,gender,"성별, 성"
표제어,Day 05,fade,"사라지다, 희미해지다; (색깔이) 바래다"
파생어,Day 05,fade away,사라지다
표제어,Day 05,transit,"운반, 운송; 통과, 환승"
파생어,Day 05,transition,"이행, 변천, 과도기"
표제어,Day 05,afford,((can/could ~)) ~할 여유가 있다
파생어,Day 05,affordable,감당할 수 있는
표제어,Day 05,finance,"재정, 금융; ((~s)) 자금, 재정 상태; 자금을 공급[조달]하다"
파생어,Day 05,financial,"재정상의, 금융상의"
파생어,Day 05,financially,재정적으로
표제어,Day 05,precise,"정확한, 정밀한"
파생어,Day 05,precisely,정확히
파생어,Day 05,precision,정확(성)
표제어,Day 05,crew,"승무원; 선원; 팀, 무리"
표제어,Day 05,universal,"보편적인, 일반적인; 전 세계의"
파생어,Day 05,universe,"우주, 은하계"
파생어,Day 05,universally,보편적으로
표제어,Day 05,enable,가능하게 하다
표제어,Day 05,preserve,"지키다, 보호하다; 유지하다"
파생어,Day 05,preservation,보호; 유지
표제어,Day 06,operate,"작동하다, 조작하다; 운영하다; 수술하다"
파생어,Day 06,operation,수술; 사업; (기계) 작동
표제어,Day 06,draft,"초고, 초안"
표제어,Day 06,entire,"전체의; 흠이 없는, 그대로의; 전부, 전체"
표제어,Day 06,blame,"비난하다, ~을 탓하다; 비난, 책망"
파생어,Day 06,be to blame (for),(~에) 책임이 있다
표제어,Day 06,average,"평균; 표준, 보통수준; 평균의, 보통의"
파생어,Day 06,on average,평균적으로
표제어,Day 06,found,설립하다; ~에 기초를 두다
파생어,Day 06,foundation,기초; 창설; 재단
표제어,Day 06,enrich,"부유하게 하다, 풍부하게 하다"
파생어,Day 06,enrichment,"부유, 풍부"
표제어,Day 06,seek,추구하다; 찾다
표제어,Day 06,sector,"부문, 분야, 영역"
표제어,Day 06,isolate,"격리시키다, 고립시키다"
파생어,Day 06,isolation,고립; 고독
표제어,Day 06,behavior,"행동, 행위, 태도"
파생어,Day 06,behave,"행동하다, 처신하다"
표제어,Day 06,confuse,혼란시키다; 혼동하다
파생어,Day 06,confusing,혼란시키는
파생어,Day 06,confused,혼란스러운
파생어,Day 06,confusion,혼란
표제어,Day 06,current,"현재의; 흐름; 경향, 풍조"
파생어,Day 06,currency,화폐; 유통
파생어,Day 06,currently,현재(는)
표제어,Day 06,general,"일반적인, 보편적인; 대체적인, 개괄적인; 장군, 대장"
파생어,Day 06,generally,"일반적으로, 대개"
파생어,Day 06,generalize,일반화하다
표제어,Day 06,aggressive,공격적인; 적극적인
파생어,Day 06,aggression,"공격, 침략"
표제어,Day 06,immense,"엄청난, 어마어마한"
파생어,Day 06,immensely,"엄청나게, 대단히"
표제어,Day 06,gradual,"점진적인, 차츰 ~하는"
파생어,Day 06,gradually,"차츰, 서서히"
표제어,Day 06,exhibit,전시하다; 전시(품)
파생어,Day 06,exhibition,"전시, 전시회"
표제어,Day 06,identical,"동일한, 일치하는"
파생어,Day 06,identity,신원; 정체성; 동일함
파생어,Day 06,identify,확인하다; 동일시하다
표제어,Day 06,independent,독립한; 자립심이 강한
파생어,Day 06,independence,독립; 자립심
표제어,Day 06,boast,"자랑하다, 뽐내다"
파생어,Day 06,boastful,"자랑하는, 자화자찬의"
표제어,Day 06,invest,투자하다
파생어,Day 06,investment,투자; 투자금
표제어,Day 06,heritage,유산
표제어,Day 06,revenue,"매출, 수입"
표제어,Day 06,brilliant,"훌륭한, 멋진; 명석한; 빛나는, 아주 밝은"
파생어,Day 06,brilliance,탁월; 광명
표제어,Day 06,reject,"거절하다, 거부하다"
파생어,Day 06,rejection,"거절, 배제"
표제어,Day 06,despite,~에도 불구하고
표제어,Day 06,receipt,영수증
표제어,Day 06,injured,다친; (감정이) 상처를 받은
파생어,Day 06,injure,"다치게 하다, 해치다"
파생어,Day 06,injury,부상
표제어,Day 06,convince,"확신시키다, 납득시키다; 설득하다"
표제어,Day 07,article,기사; 물품; 조항
표제어,Day 07,ethnic,"민족의, 혈통의, 인종의; 종족"
표제어,Day 07,tone,"소리, 음질; 어조, 말씨; 색조"
표제어,Day 07,furthermore,"더욱이, 게다가"
표제어,Day 07,abandon,"버리다, 떠나다; 포기하다, 단념하다"
표제어,Day 07,preview,"사전 조사, 시사회; 사전 검토[조사]하다"
표제어,Day 07,renew,"갱신하다, 재개하다"
파생어,Day 07,renewal,"갱신, 재개"
표제어,Day 07,emerge,"나오다, 나타나다"
파생어,Day 07,emergence,"출현, 발생"
파생어,Day 07,emerging,새로 생겨난
표제어,Day 07,merge,"합병[병합]하다, 합치다"
표제어,Day 07,designate,"지정하다, 지명하다; (기호를 써서) 표시하다"
표제어,Day 07,analyze,"분석하다, 검토하다"
파생어,Day 07,analysis,"분석, 해석"
파생어,Day 07,analytical,"분석적인, 분석의"
표제어,Day 07,principle,"원리, 원칙; 주의, 신념"
표제어,Day 07,reasonable,합리적인; 정당한
파생어,Day 07,reasonably,"합리적으로, 상당히"
표제어,Day 07,elect,"선출하다, 선임하다"
파생어,Day 07,election,선거; 당선
표제어,Day 07,neglect,"방치하다, 소홀히 하다; 무시하다; 태만, 소홀"
파생어,Day 07,neglectful,"태만한, 소홀한"
표제어,Day 07,flawless,흠이 없는
파생어,Day 07,flaw,"흠, 결점, 결함"
파생어,Day 07,flawlessly,"흠 없이, 완벽하게"
표제어,Day 07,companion,"동료, 친구; 안내서, 지침서"
파생어,Day 07,companionship,"교우, 친구 사이"
표제어,Day 07,ban,금지하다; 금지
표제어,Day 07,obligation,"의무, 책임"
파생어,Day 07,obligatory,의무적인
파생어,Day 07,oblige,(~하도록) 의무를 지우다
표제어,Day 07,local,"지역의, 현지의; 주민, 현지인"
파생어,Day 07,locality,"장소, 인근"
표제어,Day 07,apology,"사과, 사죄"
파생어,Day 07,apologize,"사과하다, 사죄하다"
표제어,Day 07,document,"문서, 서류, 기록"
파생어,Day 07,documentary,"문서의, 서류의; 다큐멘터리, 기록물"
표제어,Day 07,phase,"국면, 단계; 단계적으로 실행하다"
표제어,Day 07,cue,"신호, 단서; 신호를 주다, 지시를 보내다"
표제어,Day 07,magnify,확대하다; 과장하다
파생어,Day 07,magnificence,"장엄, 웅장"
파생어,Day 07,magnificent,"장대한, 멋진"
표제어,Day 07,cognitive,"인식의, 인지의"
파생어,Day 07,cognition,"인식, 인지"
표제어,Day 07,temper,"기질, 기분, 성격; 화; 완화시키다; 억제하다"
표제어,Day 07,blend,"섞다, 혼합하다; 조화되다, 어울리다; 혼합물"
파생어,Day 07,blender,(부엌용) 믹서기
표제어,Day 07,dominant,"지배적인, 우위를 차지하는"
파생어,Day 07,dominate,"지배하다, 우위를 차지하다"
파생어,Day 07,dominance,"지배, 우월"
표제어,Day 07,agency,"대리점, 대행사; 기관"
파생어,Day 07,agent,"대리인, 대행자, 중개상"
표제어,Day 08,maintain,"유지하다, 지속하다; 주장하다"
파생어,Day 08,maintenance,"유지, 지속"
표제어,Day 08,prudent,"신중한, 조심성 있는"
파생어,Day 08,prudently,신중하게
파생어,Day 08,prudence,"신중, 조심"
표제어,Day 08,revise,"수정하다, 개정하다"
파생어,Day 08,revision,"개정, 수정"
표제어,Day 08,character,성격; 특성; (등장)인물; 문자
파생어,Day 08,characteristic,독특한; 특성
파생어,Day 08,characterize,특성을 나타내다
표제어,Day 08,comment,"논평, 의견; 비평하다, 논평하다"
파생어,Day 08,commentary,"실황 방송, 해설"
표제어,Day 08,economic,"경제(상)의, 경제학의"
파생어,Day 08,economy,경제
파생어,Day 08,economist,경제학자
표제어,Day 08,discourse,"담화, 담론; 이야기를 하다, 논하다"
표제어,Day 08,gear,"기어, 톱니바퀴; 장치, 장비; 기어를 넣다; 적응시키다"
표제어,Day 08,verbal,"말의, 언어의"
파생어,Day 08,verbalize,~을 말로 표현하다
파생어,Day 08,verbally,"언어로, 구두로"
표제어,Day 08,immediate,"즉각적인; 시급한, 당면한; 직접적인"
파생어,Day 08,immediately,"곧, 즉시"
표제어,Day 08,remind,"상기시키다, 일깨우다"
파생어,Day 08,reminder,생각나게 하는 것
표제어,Day 08,board,판자; (게시)판; 위원회; 탑승하다
파생어,Day 08,on board,탑승한
표제어,Day 08,measure,측정하다; 평가하다; 대책; 척도
파생어,Day 08,measurement,측정; 치수
파생어,Day 08,measurable,측정할 수 있는
표제어,Day 08,realize,깨닫다; 실현하다
파생어,Day 08,realization,깨달음; 실현
표제어,Day 08,manage,"경영하다, 관리하다; 간신히 ~하다"
파생어,Day 08,manageable,관리할 수 있는
파생어,Day 08,management,"관리, 경영"
표제어,Day 08,administer,"관리하다, 운영하다; 집행하다"
파생어,Day 08,administration,"관리, 경영; 행정(부)"
파생어,Day 08,administrative,관리[행정]상의
표제어,Day 08,provide,"제공하다, 주다; 규정하다"
파생어,Day 08,provide A with B,A에게 B를 제공하다
파생어,Day 08,provide B for A,A에게 B를 제공하다
파생어,Day 08,provision,"공급, 제공; ((~s)) 식량; [법] 조항"
표제어,Day 08,rush,"급하게 가다, 서두르다; 돌진; 분주함"
파생어,Day 08,rush hour,"러시아워, 혼잡한 시간"
표제어,Day 08,diminish,"줄어들다, 축소하다"
표제어,Day 08,permit,허락하다; 허가(증)
파생어,Day 08,permission,"허락, 허가"
파생어,Day 08,permissible,허용되는
표제어,Day 08,harsh,"가혹한, 무자비한"
표제어,Day 08,count,"세다, 계산하다; 간주하다; 중요하다"
파생어,Day 08,countable,셀 수 있는
파생어,Day 08,countless,"무수한, 셀 수 없이 많은"
표제어,Day 08,fulfil(l),"(의무 등을) 다하다, 이행하다; 실현[성취]하다"
파생어,Day 08,fulfil(l)ment,"이행, 완수; 성취"
표제어,Day 08,scrub,"문지르다, 닦아내다"
표제어,Day 08,sentence,"문장; 판결, 선고; 선고하다, 판결을 내리다"
파생어,Day 08,sentential,문장의
표제어,Day 08,aptitude,"소질, 적성"
표제어,Day 08,attitude,"태도, 자세"
표제어,Day 08,altitude,"높이, 고도"
표제어,Day 08,embed,깊숙이 박다; (마음·기억 등에) 깊이 새겨두다
표제어,Day 08,generate,"생산[창출]하다, 일으키다; (전기, 열 등을) 발생시키다"
파생어,Day 08,generation,세대; 발생
표제어,Day 09,imaginary,"상상의, 가상의"
파생어,Day 09,imagine,상상하다; 생각하다
파생어,Day 09,imagination,"상상력, 상상"
표제어,Day 09,secure,"안전한, 안정된; 안전하게 하다; 확보하다"
파생어,Day 09,securely,확실하게; 안정적으로
표제어,Day 09,discard,"버리다, 포기하다"
표제어,Day 09,tear,"눈물; 구멍, 찢어진 틈; 찢다"
파생어,Day 09,tearful,눈물 어린
표제어,Day 09,worthwhile,"가치 있는, ~할 가치가 있는"
표제어,Day 09,sacrifice,희생하다; 제물로 바치다; 희생
표제어,Day 09,coordinate,"조직화하다, 편성하다; 조정하다; 동등한"
파생어,Day 09,coordination,"일치, 조화"
표제어,Day 09,engage,"참여하다, 관여하다; 고용하다; (관심을) 끌다; 관계를 맺다"
파생어,Day 09,engaged,약혼한
파생어,Day 09,engagement,약혼; 약속; 고용
표제어,Day 09,utilize,"이용하다, 활용하다"
파생어,Day 09,utility,유용(성); (수도·전기 등) 공익사업
표제어,Day 09,commence,"시작되다, 시작하다"
표제어,Day 09,apparent,"명백한, 분명한; 겉보기의"
파생어,Day 09,apparently,"명백히; 외관상으로, 보아하니"
표제어,Day 09,rehearse,예행연습[리허설]을 하다
파생어,Day 09,rehearsal,"리허설, 예행연습"
표제어,Day 09,ordinary,"보통의, 일상적인, 평범한"
파생어,Day 09,ordinarily,"보통, 대개"
표제어,Day 09,gaze,"빤히 보다, 응시하다; 응시"
표제어,Day 09,perspective,"견해, 관점; 원근법"
표제어,Day 09,compel,"강요하다, 억지로 행동하게 하다"
파생어,Day 09,compulsory,"강제적인, 의무적인, 필수의"
파생어,Day 09,compulsion,충동; 강제
표제어,Day 09,release,"놓아주다, 석방하다; 발표[개봉]하다; (감정을) 표출하다; 석방; 발표, 개봉; 표출"
표제어,Day 09,spill,"엎지르다, 흘리다; 유출"
표제어,Day 09,disclose,"드러내다, 폭로하다"
파생어,Day 09,disclosure,폭로
표제어,Day 09,swear,"맹세하다, 선언하다; 욕을 하다"
표제어,Day 09,passion,"열정, 정열"
파생어,Day 09,passionate,"열렬한, 정열적인"
표제어,Day 09,negotiate,"협상하다, 교섭하다"
파생어,Day 09,negotiation,협상
표제어,Day 09,rotate,회전하다[시키다]; 교대[순환] 근무를 하다
파생어,Day 09,rotation,"회전, (지구의) 자전; 순환"
파생어,Day 09,rotary,회전하는
표제어,Day 09,subject,주제; 과목; 영향을 받는; 복종시키다
표제어,Day 09,comprehensible,이해할 수 있는
파생어,Day 09,comprehend,이해하다
파생어,Day 09,comprehension,이해력
파생어,Day 09,comprehensibly,"이해할 수 있게, 뜻이 명료하게"
표제어,Day 09,comprehensive,"포괄적인, 종합적인"
표제어,Day 09,common,"일반의, 흔한; 공통의"
파생어,Day 09,commonly,"대개, 보통"
파생어,Day 09,in common,"공동으로, 공통으로"
표제어,Day 09,quote,"인용하다, 일부를 발췌해서 쓰다; 인용구[문]"
파생어,Day 09,quotation,인용구[문]; 인용(하기)
표제어,Day 09,burden,"부담, 짐; 부담[짐]을 지우다"
표제어,Day 09,thrive,"번성하다, 번영하다"
표제어,Day 10,investigate,"조사하다, 연구하다"
파생어,Day 10,investigation,"조사, 연구"
표제어,Day 10,exploit,"(부당하게) 이용하다, 착취하다; (자원 등을) 개발하다"
표제어,Day 10,figure,"수치; (중요) 인물; 모습, 사람; 몸매; 도형"
파생어,Day 10,figure out,"알아내다, 이해하다"
표제어,Day 10,spread,"퍼뜨리다, 확산되다; 펼치다; 펴 바르다; 확산"
표제어,Day 10,split,분열되다[시키다]; 나뉘다[나누다]; 쪼개지다
표제어,Day 10,explode,폭발하다[시키다]
파생어,Day 10,explosion,폭발
파생어,Day 10,explosive,폭발성의; 폭발물
표제어,Day 10,valuable,값비싼; 귀중한
파생어,Day 10,value,"가치; 높이 평가하다, 중요시하다"
표제어,Day 10,invaluable,"매우 유용한, 귀중한"
표제어,Day 10,disprove,"오류를 입증하다, 반증하다"
표제어,Day 10,accomplish,"성취하다, 완수하다"
파생어,Day 10,accomplishment,"성취, 완성; 업적"
표제어,Day 10,purify,정화하다; 순화하다
파생어,Day 10,purifier,정화 장치
표제어,Day 10,primary,주요한; 최초의
파생어,Day 10,primarily,주로
표제어,Day 10,approve,찬성하다; 승인하다
파생어,Day 10,approved,"승인된, 공인된"
파생어,Day 10,approval,"승인, 찬성"
표제어,Day 10,facilitate,"촉진하다, 용이하게 하다"
파생어,Day 10,facilitator,조력[협력]자
표제어,Day 10,opposite,정반대의; 반대쪽의; ~의 맞은편에; 반대(되는 것)
파생어,Day 10,oppose,반대하다; 겨루다
파생어,Day 10,opposition,반대; 대립
표제어,Day 10,bump,"충돌하다, 부딪치다; (부딪치는 소리) 쿵, 탁; 타박상, 혹"
표제어,Day 10,purpose,"목적, 의도"
파생어,Day 10,purposeful,목적이 있는
파생어,Day 10,on purpose,고의로
표제어,Day 10,plain,"명백한; 솔직한; 무늬가 없는; 평지, 평원"
표제어,Day 10,nominate,"지명하다, 임명하다"
파생어,Day 10,nomination,"지명, 임명"
표제어,Day 10,shift,이동하다; 바꾸다; 변화; 교대
표제어,Day 10,trigger,촉발시키다; 작동시키다; 방아쇠; 계기
표제어,Day 10,acquire,"얻다, 습득하다; 획득하다"
파생어,Day 10,acquisition,취득(물); 습득
표제어,Day 10,embrace,"포옹하다; 받아들이다; 포옹; 수락, 용인"
표제어,Day 10,humanity,"인간성, 인류"
표제어,Day 10,virtue,"미덕, 덕목; 장점"
표제어,Day 10,compete,"경쟁하다; 겨루다, (시합 등에) 참가하다"
파생어,Day 10,competition,경쟁; 대회
파생어,Day 10,competitive,"경쟁의, 경쟁력 있는"
표제어,Day 10,applaud,박수갈채하다; 칭찬하다
파생어,Day 10,applause,박수(갈채)
표제어,Day 10,stir,"휘젓다, 뒤섞다; 움직이다; 마음을 흔들다"
파생어,Day 10,stirring,"마음을 뒤흔드는, 감동시키는"
표제어,Day 10,vibrate,"흔들리다, 진동하다"
파생어,Day 10,vibration,"떨림, 진동"
표제어,Day 10,soak,흠뻑 적시다; 담그다[담기다]
표제어,Day 11,annual,"매년의, 연례의"
표제어,Day 11,dare,"감히 ~하다, (위험을) 무릅쓰다"
표제어,Day 11,confident,자신 있는; 확신하는
파생어,Day 11,confidence,신뢰; 자신(감)
표제어,Day 11,confidential,"비밀의, 기밀의"
파생어,Day 11,confidentially,은밀하게
파생어,Day 11,confidentiality,"비밀, 기밀(성)"
표제어,Day 11,innovate,"혁신하다, 쇄신하다"
파생어,Day 11,innovative,혁신적인
파생어,Day 11,innovation,"혁신, 쇄신"
표제어,Day 11,scatter,(흩)뿌리다; 흩어지다[흩어지게 하다]
표제어,Day 11,obscure,모호한; 잘 알려지지 않은; 모호하게 하다
파생어,Day 11,obscurely,애매하게
파생어,Day 11,obscurity,모호함; 무명
표제어,Day 11,lie,눕다; (~의 상태로) 있다; 거짓말하다; 거짓말
파생어,Day 11,liar,거짓말쟁이
표제어,Day 11,lay,"놓다, 두다; (알을) 낳다"
표제어,Day 11,recover,회복하다; 되찾다
파생어,Day 11,recovery,회복; 되찾기
표제어,Day 11,range,"범위; 다양성; 포함하다, (범위가 ~에서 …에) 이르다"
표제어,Day 11,compensate,"보상하다, 변상하다"
파생어,Day 11,compensation,"보상, 배상(금)"
표제어,Day 11,merit,"장점; (칭찬할 만한) 가치, 우수성"
표제어,Day 11,produce,"생산하다, 제조하다; 야기하다; 농산물"
파생어,Day 11,productive,생산적인
파생어,Day 11,production,"생산, 제작"
파생어,Day 11,product,생산품
파생어,Day 11,productivity,생산성
표제어,Day 11,license,"면허, 인가; 면허를 주다, 허가하다"
파생어,Day 11,licensed,"공적으로 인가된, 면허증을 소지한"
표제어,Day 11,regulate,규제하다; 조정하다
파생어,Day 11,regulation,규정; 규제
표제어,Day 11,display,"전시[진열]하다; 드러내다; 전시; 표현, 과시"
표제어,Day 11,considerable,"상당한, 적지 않은"
파생어,Day 11,considerably,"상당히, 꽤"
표제어,Day 11,considerate,"사려 깊은, 이해심[동정심]이 많은"
파생어,Day 11,consideration,"고려, 숙고"
표제어,Day 11,orphan,고아
파생어,Day 11,orphanage,고아원
표제어,Day 11,electronic,"전자의, 전자공학의"
파생어,Day 11,electron,전자
표제어,Day 11,survive,"살아남다, 생존하다; (위기 등을) 견뎌 내다"
파생어,Day 11,survival,생존
표제어,Day 11,string,"끈, 줄; 묶다, 끈을 달다"
표제어,Day 11,expertise,전문 지식[기술]
표제어,Day 11,dread,"몹시 무서워하다, 두려워하다; 두려움"
표제어,Day 11,escape,"달아나다, 탈출하다, 벗어나다; 탈출, 도피"
표제어,Day 11,uncover,덮개를 열다; 폭로하다
표제어,Day 11,tackle,"기구, 도구; 다루다; 착수하다"
표제어,Day 11,urge,재촉하다; 강제하다; 설득하다; 충동; 열망
파생어,Day 11,urge A to B,A에게 B하도록 설득하다
표제어,Day 11,liquid,"액체의, 맑은; 액체"
표제어,Day 12,occupy,차지하다; (마음·주의 등을) 끌다; 점령하다
표제어,Day 12,pursue,추구하다; 뒤쫓다
파생어,Day 12,pursuit,추구; 추격
표제어,Day 12,restoration,"복구, 복원; 회복"
파생어,Day 12,restore,"복구하다; 되찾게 하다, 회복시키다"
표제어,Day 12,worship,"숭배하다; 예배를 보다; 숭배, 예배"
파생어,Day 12,worshipper,"숭배자, 예배자"
파생어,Day 12,worshipful,숭배하는
표제어,Day 12,assign,"할당하다, 배정하다"
파생어,Day 12,assignment,할당; 숙제
표제어,Day 12,degree,정도; (각도·온도계의) 도; 학위
표제어,Day 12,associate,"연상하다, 연관 짓다; 교제하다"
파생어,Day 12,association,"협회, 단체; 유대, 연계"
표제어,Day 12,prospect,"가망, 가능성; ((~s)) 전망"
파생어,Day 12,prospective,가망 있는; 예상된
표제어,Day 12,likewise,마찬가지로
표제어,Day 12,industrial,산업[공업]의; 공업용의
파생어,Day 12,industry,"산업, 제조업"
파생어,Day 12,industrialization,산업[공업]화
파생어,Day 12,industrialize,산업[공업]화하다
표제어,Day 12,aspect,측면; 방향
파생어,Day 12,"in every aspect, in all aspects",모든 면에서
표제어,Day 12,endeavor,"노력하다, 시도하다; 노력, 시도"
표제어,Day 12,bond,유대; ((~s)) 속박; 채권; 유대를 맺다
표제어,Day 12,shrink,줄어들다[줄어들게 하다]
표제어,Day 12,insist,"주장하다; 고집하다, 우기다"
파생어,Day 12,insistent,고집하는; 계속되는
파생어,Day 12,insistence,"주장, 강요"
표제어,Day 12,sacred,"신성한, 성스러운"
표제어,Day 12,ridiculous,"우스운, 터무니없는"
파생어,Day 12,ridiculously,"우스꽝스럽게, 터무니없이"
파생어,Day 12,ridicule,비웃음; 비웃다
표제어,Day 12,establish,"수립하다, 설립하다"
파생어,Day 12,establishment,기관; 설립
파생어,Day 12,established,확실히 자리를 잡은
표제어,Day 12,pale,"핏기 없는, 창백한; (색깔이) 옅은"
표제어,Day 12,restrict,"제한하다, 한정하다"
파생어,Day 12,restriction,"제한, 한정"
파생어,Day 12,restrictive,제한하는
표제어,Day 12,overcome,"극복하다, 이겨내다"
표제어,Day 12,activate,"작동시키다, 활성화하다"
파생어,Day 12,activation,"활동화, 활성화"
표제어,Day 12,popularity,인기; 대중성
파생어,Day 12,popular,인기 있는; 대중적인
파생어,Day 12,popularize,대중화하다
표제어,Day 12,population,"인구, (모든) 주민"
파생어,Day 12,populate,"살다, 거주하다"
표제어,Day 12,precious,"귀중한, 값비싼; 소중한"
표제어,Day 12,construct,"건설하다, 조립하다; 구성하다; 구조물"
파생어,Day 12,construction,"건설, 공사"
파생어,Day 12,constructive,건설적인
표제어,Day 12,instruct,지시하다; 가르치다
파생어,Day 12,instruction,지시; ((~s)) 설명서; 가르침
표제어,Day 12,compulsory,"강제적인, 의무적인, 필수의"
표제어,Day 12,unique,독특한; 유일(무이)한
표제어,Day 12,illustrate,(예를 들어) 설명하다; 삽화를 넣다
파생어,Day 12,illustration,삽화; 실례
표제어,Day 13,distinguish,"구별하다, 식별하다"
파생어,Day 13,distinct,뚜렷한; 별개의
파생어,Day 13,distinguished,"유명한, 저명한"
표제어,Day 13,crop,"농작물, 수확물; 자르다; 재배하다, 수확하다"
표제어,Day 13,otherwise,만약 그렇지 않다면
표제어,Day 13,certificate,"증명서, 수료증; 증명하다"
표제어,Day 13,trait,"특성, 특징"
표제어,Day 13,punish,"처벌하다, 벌주다"
파생어,Day 13,punishment,"처벌, 형벌"
표제어,Day 13,appropriate,"적절한, 알맞은"
표제어,Day 13,raise,올리다; 모금하다; 기르다; 제기하다
표제어,Day 13,specific,"구체적인, 명확한; 특정한"
파생어,Day 13,specifically,명확히; 특히
표제어,Day 13,translate,"번역하다, 해석하다"
파생어,Day 13,translation,"번역, 해석"
파생어,Day 13,translator,"번역가, 통역사"
표제어,Day 13,horizon,"((the ~)) 지평선, 수평선; ((~s)) 시야"
파생어,Day 13,horizontal,"수평의, 가로의"
표제어,Day 13,inhibit,"억제하다, 못하게 하다"
파생어,Day 13,inhibition,"억제, 방해"
표제어,Day 13,divine,"신의, 신성한"
파생어,Day 13,divinely,"신처럼, 훌륭하게"
표제어,Day 13,unify,"통일하다, 통합하다"
파생어,Day 13,unification,"통일, 통합"
표제어,Day 13,prohibit,금지하다; ~하지 못하게 하다
파생어,Day 13,prohibition,금지(령)
표제어,Day 13,retreat,"후퇴, 철수; 물러서다, 후퇴하다"
표제어,Day 13,equipment,"장비, 용품; 설치, 설비"
파생어,Day 13,equip,장비를 갖추다; (~에게 필요한 것을) 갖추게 하다
표제어,Day 13,intuition,"직관력; 직감, 직관"
파생어,Day 13,intuitive,"직관에 의한, 직감하는"
파생어,Day 13,by intuition,직감적으로
표제어,Day 13,whereas,"그런데, ~에 반해서"
표제어,Day 13,ruin,"망치다; 파괴, 붕괴; 잔해, 폐허"
파생어,Day 13,ruinous,파괴적인; 황폐한
파생어,Day 13,be[lie] in ruins,폐허가 되다
표제어,Day 13,successful,"성공한, 성공적인"
파생어,Day 13,success,"성공, 출세"
파생어,Day 13,succeed,"성공하다; 뒤따르다, 계승하다"
표제어,Day 13,successive,"연속적인, 연이은"
파생어,Day 13,succession,연속; 계승
파생어,Day 13,successor,계승자
표제어,Day 13,splendid,"화려한, 아주 인상적인"
표제어,Day 13,routine,"틀에 박힌 일, 일과; 일상적인; 지루한"
표제어,Day 13,comparative,비교의; 상대적인
파생어,Day 13,compare,"비교하다, 비유하다"
파생어,Day 13,comparison,"비교, 비유"
표제어,Day 13,comparable,비슷한; ~에 필적하는
표제어,Day 13,randomly,임의로
파생어,Day 13,random,"무작위의, 닥치는 대로 하는"
표제어,Day 13,implication,"함축, 암시; 영향, 결과"
표제어,Day 13,pretend,"~인 척하다, 가장하다"
표제어,Day 13,separate,"분리하다[되다], 갈라지다[놓다]; 분리된; 별개의"
파생어,Day 13,separation,"분리, 구분"
파생어,Day 13,separately,"따로따로, 별도로"
표제어,Day 14,recharge,충전하다
파생어,Day 14,rechargeable,충전할 수 있는
표제어,Day 14,remain,"여전히 ~인 채로 있다; 남다; 머무르다; ((~s)) 남은 것, 유적"
파생어,Day 14,remainder,"나머지, 잔여"
표제어,Day 14,reproduce,"번식하다; 재생하다, 재현하다; 복사하다, 복제하다"
파생어,Day 14,reproduction,번식; 복제(품)
파생어,Day 14,reproductive,번식하는
표제어,Day 14,reform,"개혁하다[되다], 개선하다[되다]; 개혁, 개선"
파생어,Day 14,reformation,"개선, 개혁"
파생어,Day 14,reformer,개혁가
표제어,Day 14,revolution,혁명
파생어,Day 14,revolutionary,"혁명의, 혁명적인"
표제어,Day 14,abuse,남용하다; 학대하다; 남용; 학대
표제어,Day 14,abnormal,"이상한, 비정상적인"
파생어,Day 14,abnormality,"기형, 이상"
표제어,Day 14,accompany,"동행하다, 동반하다; 수반하여 일어나다"
표제어,Day 14,accumulate,"모으다[모이다], 축적하다[되다]"
파생어,Day 14,accumulation,축적
파생어,Day 14,accumulative,축적하는
표제어,Day 14,accustomed,"익숙해진, 길들여진"
파생어,Day 14,be[get] accustomed to,~에 익숙해지다
표제어,Day 14,advocate,"옹호하다, 지지하다; 옹호자, 지지자; 변호사"
파생어,Day 14,advocacy,"옹호, 지지"
표제어,Day 14,prolong,"연장하다, 연기하다"
표제어,Day 14,prophecy,예언(력)
파생어,Day 14,prophet,예언자
파생어,Day 14,prophetic,"예언적인, 예언의"
표제어,Day 14,progress,"진행, 진전; 진보, 발달; 진행되다; 진보하다; 나아가다"
표제어,Day 14,combat,"전투; 싸우다, 투쟁하다"
파생어,Day 14,combatant,"전투원, 전투부대"
파생어,Day 14,combative,전투적인
표제어,Day 14,compile,"편집하다, 편찬하다; (자료를) 수집하다"
파생어,Day 14,compilation,편집(물)
표제어,Day 14,compromise,"타협, 절충; 타협하다, 화해하다"
표제어,Day 14,condense,"응결[농축]시키다, 응결되다; 요약하다"
파생어,Day 14,condensation,응결; 압축
표제어,Day 14,conform,"(관습 등에) 따르다, 순응하다"
파생어,Day 14,conformity,순응
표제어,Day 14,confront,직면하다; 맞서다
파생어,Day 14,confrontation,대치; 대립
표제어,Day 14,contagious,"전염성의, 옮기 쉬운"
파생어,Day 14,contagion,"전염, 감염; 전염병"
표제어,Day 14,coincidence,(우연의) 일치
파생어,Day 14,coincide,동시에 일어나다
파생어,Day 14,coincidental,우연의 일치인
표제어,Day 14,geography,"지리학; 지형, 지리"
파생어,Day 14,geographic(al),"지리적인, 지리학상의"
표제어,Day 14,geology,지질학; (어떤 지역의) 지질학적 특징
파생어,Day 14,geological,지질학의
파생어,Day 14,geologically,지질학적으로
표제어,Day 14,geometry,기하학
파생어,Day 14,geometric(al),기하학의; 기하학적 무늬의
표제어,Day 14,controversial,"논쟁의, 논쟁의 여지가 있는"
파생어,Day 14,controversy,"논쟁, 언쟁"
표제어,Day 14,contrast,대조; 대조가 되는 것; 대조하다; 대조를 이루다
파생어,Day 14,contrast A with B,A를 B와 대조하다
파생어,Day 14,by[in] contrast (to/with),(~와) 대조적으로
표제어,Day 14,contrary,"반대의, 정반대인; ((the ~)) 반대(되는 것)"
파생어,Day 14,on the contrary,그와는 반대로
표제어,Day 14,counteract,"(악영향에) 대응하다, (효력을) 중화하다"
표제어,Day 14,counterfeit,"위조하다; 위조의, 가짜의"
파생어,Day 14,counterfeiter,위조범
표제어,Day 15,decode,(암호를) 해독하다
표제어,Day 15,degrade,"비하하다, 지위를 떨어뜨리다; 분해하다[되다]"
파생어,Day 15,degradation,비하; 저하
파생어,Day 15,degraded,품위가 떨어진
표제어,Day 15,depart,"출발하다, 떠나다"
파생어,Day 15,departure,"출발, 떠남"
표제어,Day 15,despise,"경멸하다, 깔보다"
표제어,Day 15,diameter,"지름, 직경"
표제어,Day 15,dialect,"방언, 사투리"
표제어,Day 15,irregular,"고르지 않은, 불규칙한"
파생어,Day 15,irregularity,"고르지 않음, 불규칙"
표제어,Day 15,illiterate,"글을 모르는, 문맹의; 문맹자"
파생어,Day 15,illiteracy,문맹
표제어,Day 15,impersonal,개인적인 감정을 섞지 않은; 비인격적인
표제어,Day 15,immoral,"비도덕적인, 부도덕한"
표제어,Day 15,antibiotic,"항생제, 항생 물질"
표제어,Day 15,antonym,반의어
표제어,Day 15,antipathy,반감
표제어,Day 15,antarctic,"((the A~)) 남극 지방, 남극; 남극의"
표제어,Day 15,extraordinary,"비범한, 대단한; 이상한"
표제어,Day 15,enforce,"시행하다, 집행하다; 강요하다"
파생어,Day 15,enforcement,시행; 강제
표제어,Day 15,entitle,자격[권리]을 주다; (~라고) 표제를 붙이다
파생어,Day 15,entitlement,"권리, 자격"
표제어,Day 15,endanger,위험에 빠뜨리다
표제어,Day 15,encounter,(위험에) 부닥치다; 마주치다; (예상 밖의) 만남
파생어,Day 15,have an encounter with,~와 우연히 만나다
표제어,Day 15,endure,"참다, 견디다"
파생어,Day 15,endurance,인내(력)
표제어,Day 15,enclose,둘러싸다; 동봉하다
파생어,Day 15,enclosed,동봉된
파생어,Day 15,enclosure,둘러쌈; 동봉
표제어,Day 15,enlighten,"계몽하다, (설명하여) 이해시키다"
파생어,Day 15,enlightenment,"깨우침, 이해"
파생어,Day 15,enlightened,"계몽된, 훤히 통달한"
표제어,Day 15,enrol(l),"등록하다, 입학[입회]하다"
파생어,Day 15,enrollment,"등록, 입학"
표제어,Day 15,external,"외부의, 밖의"
파생어,Day 15,externalize,(생각·감정을) 표면화하다
표제어,Day 15,extinct,"멸종된, 사라진; (화산 등이) 활동을 멈춘"
파생어,Day 15,extinction,"멸종, 소멸"
표제어,Day 15,exaggerate,과장하다
파생어,Day 15,exaggeration,과장
표제어,Day 15,exceed,"넘다, 초과하다"
파생어,Day 15,excess,초과; 초과한
파생어,Day 15,excessive,"지나친, 과도한"
표제어,Day 15,foresee,예견하다
표제어,Day 15,foretell,"예언하다, 예고하다"
표제어,Day 15,forecast,"예보하다, 예측하다; 예보, 예측"
표제어,Day 16,dissolve,녹다[녹이다]; 해산하다
표제어,Day 16,discourage,"용기를 잃게 하다, 낙담시키다; 단념시키다"
파생어,Day 16,discouraged,"낙심한, 낙담한"
표제어,Day 16,dismiss,해고하다; 묵살하다; 해산시키다
파생어,Day 16,dismissal,해고; 묵살
표제어,Day 16,disorder,"혼란, 무질서; (심신의) 이상, 장애"
파생어,Day 16,disorderly,무질서한
표제어,Day 16,disposal,처리; 처분
파생어,Day 16,dispose,배치하다; 처리하다
파생어,Day 16,disposable,일회용품의
표제어,Day 16,inevitable,"피할 수 없는, 불가피한"
파생어,Day 16,inevitably,"필연적으로, 반드시"
표제어,Day 16,intolerable,"참을 수 없는, 견딜 수 없는"
표제어,Day 16,intact,"온전한, 손상되지 않은"
표제어,Day 16,invade,"침략하다, 침입하다; 침해하다"
파생어,Day 16,invasion,침입; 침해
파생어,Day 16,invasive,침습성의; 외과적인
표제어,Day 16,infect,감염시키다; 오염시키다
파생어,Day 16,infection,감염; 전염병
파생어,Day 16,infectious,"전염성의, 전염병의"
표제어,Day 16,insight,통찰력
파생어,Day 16,insightful,통찰력이 있는
표제어,Day 16,insult,"모욕하다, 창피를 주다; 모욕"
파생어,Day 16,insulting,"모욕적인, 무례한"
표제어,Day 16,instinct,"본능, 본성"
파생어,Day 16,instinctive,본능적인
표제어,Day 16,innate,"타고난, 선천적인"
파생어,Day 16,innately,선천적으로
표제어,Day 16,intake,섭취(량)
표제어,Day 16,intermission,(연극·영화 등의) 휴식 시간
표제어,Day 16,interpret,"통역하다; 이해하다, 파악하다; 설명하다"
파생어,Day 16,interpreter,통역사
파생어,Day 16,interpretation,"해석, 이해, 설명"
표제어,Day 16,interfere,간섭하다; 방해하다
파생어,Day 16,interference,"간섭, 방해"
표제어,Day 16,interval,"간격, 사이; 중간 휴식 시간"
표제어,Day 16,interaction,"상호 작용, 상호 영향"
파생어,Day 16,interact,"상호 작용하다, 소통하다"
파생어,Day 16,interactive,상호 작용하는
표제어,Day 16,interchange,"교환하다; 교환; (고속도로의) 교차점, 분기점"
표제어,Day 16,subconscious,잠재의식; 잠재의식의
파생어,Day 16,subconsciously,잠재 의식적으로
표제어,Day 16,subordinate,하위의; 부차적인; 하급자; 하위에 두다
파생어,Day 16,subordination,"하위에 두기, 복종"
표제어,Day 16,suppress,"진압하다; 억제하다, 참다"
파생어,Day 16,suppression,진압; 억제
표제어,Day 16,subscribe,(신문 등을) 구독하다; 서명하다
파생어,Day 16,subscriber,"구독자, 가입자"
파생어,Day 16,subscription,(정기 간행물의) 구독(료)
표제어,Day 16,supreme,"최고의, 최상의"
파생어,Day 16,supremacy,"최고, 우위"
표제어,Day 16,superb,"매우 뛰어난, 멋진"
표제어,Day 16,magnitude,"거대함; 중요함, 중대성"
표제어,Day 16,majestic,"위엄 있는, 장엄한"
파생어,Day 16,majesty,"위엄, 장엄"
표제어,Day 16,masterpiece,"걸작, 대표작"
표제어,Day 17,outcome,"결과, 성과"
표제어,Day 17,outgoing,"외향적인, 사교적인"
표제어,Day 17,outlet,"배출구, 표현 수단; 직판점, 아울렛; [전기] 콘센트"
표제어,Day 17,outline,"개요; 윤곽, 외형; 개요를 서술하다; 윤곽을 나타내다"
파생어,Day 17,in outline,"개략적인, 개요를 나타낸"
표제어,Day 17,outlook,"전망; 경치; 견해, 사고방식"
파생어,Day 17,on the outlook,"경계하여, 조심하여"
표제어,Day 17,outstanding,"뛰어난, 두드러진"
표제어,Day 17,outward,"표면상의, 외형의; 밖으로 향하는"
파생어,Day 17,outwardly,"외견상, 겉으로는"
표제어,Day 17,outdo,"~보다 뛰어나다, 능가하다"
파생어,Day 17,outdo oneself,의외로[전에 없이] 잘하다
표제어,Day 17,utmost,"최대의, 극도의; 최대한도"
파생어,Day 17,at (the) utmost,기껏해야
파생어,Day 17,do[try] one’s utmost,최선을 다하다
표제어,Day 17,utter,"(입 밖에) 내다, 말하다; 완전한, 전적인"
파생어,Day 17,utterance,"발언, 말하는 행동 utterly"
파생어,Day 17,utterly,완전히
표제어,Day 17,overlook,간과하다; 못 본 체하다; 내려다보다
표제어,Day 17,overflow,"넘쳐 흐르다; 가득 차다; 넘침, 초과됨"
표제어,Day 17,overtake,"따라잡다, 추월하다; 덮치다"
표제어,Day 17,overwhelm,압도하다; 당황하게 하다; 너무 많아 감당하기 힘들게 하다
파생어,Day 17,overwhelming,압도적인
표제어,Day 17,overthrow,"(지도자·정부를) 전복시키다; 폐지하다; 타도, 전복"
표제어,Day 17,perish,죽다; 소멸하다
표제어,Day 17,persist,"계속 ~하다, 고집하다; 지속하다"
파생어,Day 17,persistence,고집; 지속성
파생어,Day 17,persistent,끈질긴; 지속적인
표제어,Day 17,persuade,설득하다; 납득시키다
파생어,Day 17,persuasive,설득력 있는
파생어,Day 17,persuasion,"설득; 확신, 신념"
표제어,Day 17,posterity,"자손, 후세"
파생어,Day 17,posterior,뒤(쪽)의
표제어,Day 17,postpone,"연기하다, 늦추다"
표제어,Day 17,prevail,"만연하다, 유행하다; 승리하다, 우세하다"
파생어,Day 17,prevalence,"널리 퍼짐, 유행"
파생어,Day 17,prevalent,"널리 퍼진, 유행하는"
표제어,Day 17,preoccupied,"사로잡힌, 정신이 팔린"
파생어,Day 17,preoccupy,몰두케 하다
파생어,Day 17,preoccupation,"사로잡힘, 몰두"
표제어,Day 17,premature,"너무 이른, 시기상조의; 조산의"
표제어,Day 17,sovereign,주권이 있는; 최고 권력의; 통치자
파생어,Day 17,sovereignty,"주권, 통치권"
표제어,Day 17,surpass,"능가하다, 뛰어넘다"
파생어,Day 17,surpassing,"뛰어난, 빼어난"
표제어,Day 17,superficial,"표면상의, 외면의; 피상적인"
표제어,Day 17,transform,"변형시키다, 변화시키다"
파생어,Day 17,transformation,"변형, 변화"
표제어,Day 17,transmit,"보내다, 전송하다; 전염시키다; (열·전기 등을) 전도하다"
파생어,Day 17,transmission,"전송; 전염, 전파"
표제어,Day 17,transplant,옮겨 심다; 이식하다; 이식
표제어,Day 17,transaction,"거래, 매매"
파생어,Day 17,transact,거래하다
표제어,Day 18,synonym,"동의어, 유의어"
표제어,Day 18,sympathetic,"동정적인; 호의적인, 공감하는"
파생어,Day 18,sympathy,동정; 동조
파생어,Day 18,sympathize,동정하다; 지지하다
표제어,Day 18,synchronize,"동시에 발생하다, 동시에 움직이다"
표제어,Day 18,synthetic,"합성의, 인조의; 종합적인"
파생어,Day 18,synthesize,합성하다; 종합하다
파생어,Day 18,synthesis,종합; 합성
표제어,Day 18,underestimate,과소평가하다; (값을) 너무 적게 잡다
파생어,Day 18,underestimation,과소평가
표제어,Day 18,underlying,근본적인; 밑에 있는
파생어,Day 18,underlie,기저가 되다
표제어,Day 18,undergraduate,"대학생, 학부생; 대학생의, 학부생의"
파생어,Day 18,graduate,"졸업생, 대학원(생); 졸업하다"
표제어,Day 18,undergo,"(변화 등을) 겪다, 경험하다"
표제어,Day 18,undertake,"착수하다, 맡다; 약속하다"
표제어,Day 18,upcoming,"다가오는, 앞으로 올"
표제어,Day 18,uphold,지지하다; 떠받치다
표제어,Day 18,upright,"똑바른; 올바른; 똑바로, 수직으로; 수직 기둥"
표제어,Day 18,upgrade,향상시키다; 향상
표제어,Day 18,agent,"대리인[점], 중개인[물]; 첩보원"
표제어,Day 18,react,"반응하다; (거부) 반응을 나타내다, 반작용하다"
파생어,Day 18,reaction,"반응; 거부 반응, 반작용"
표제어,Day 18,agony,극심한 고통; 극도의 슬픔
파생어,Day 18,agonize,"고민하다, 고뇌하다"
표제어,Day 18,navigate,길을 찾다; 항해[비행]하다; (어려운 상황을) 다루다
파생어,Day 18,navigation,"항해, 항공(술)"
파생어,Day 18,navigator,"조종사, 항해사"
표제어,Day 18,distress,"괴롭히다, 근심하게 하다; 고통, 고뇌; 곤궁, 빈곤"
파생어,Day 18,distressing,괴롭히는
파생어,Day 18,distressed,"괴로워하는, 고민하는"
표제어,Day 18,prestige,"명성, 신망; 명성이 있는, 명품의, 명문의"
파생어,Day 18,prestigious,명성이 있는
표제어,Day 18,strict,"엄격한, 엄한; 엄밀한"
파생어,Day 18,strictly,엄격히; 엄밀히
표제어,Day 18,strain,"부담, 긴장(감); 잡아당기기; 힘껏 노력하다; 혹사시키다"
표제어,Day 18,vertical,"수직의, 세로의; ((the ~)) 수직(선)"
파생어,Day 18,vertically,수직으로
표제어,Day 18,converse,"거꾸로 된, 반대의; ((the ~)) 정반대; 대화하다"
파생어,Day 18,conversely,반대로
파생어,Day 18,conversation,대화
표제어,Day 18,convert,"전환하다, 개조하다; 개종하다"
파생어,Day 18,conversion,"전환, 개조; 개종"
파생어,Day 18,convertible,전환할 수 있는
표제어,Day 18,diverse,"다양한, 가지각색의"
파생어,Day 18,diversity,다양성
표제어,Day 18,reverse,뒤집다; 후진하다; 반대의; 반대; 뒤; 후진
표제어,Day 18,vacant,"비어 있는; 빈자리의, 결원의"
파생어,Day 18,vacancy,"빈자리, 결원; 빈방"
표제어,Day 18,vacuum,"진공; (자리·마음 등의) 공백, 공허"
표제어,Day 18,vain,"헛된, 무익한; 허영심이 강한"
파생어,Day 18,vanity,허영심
파생어,Day 18,in vain,헛되이
표제어,Day 18,vanish,"사라지다, 소멸하다"
표제어,Day 19,worsen,"악화되다, 악화시키다"
표제어,Day 19,broaden,"넓어지다, 넓히다"
표제어,Day 19,straighten,똑바르게 하다[되다]; 정리[정돈]하다
파생어,Day 19,straight,곧은; 정돈된; 똑바로
표제어,Day 19,fasten,"매다, 채우다; 잠그다; 고정시키다"
표제어,Day 19,hasten,"서둘러 하다; 재촉하다, 앞당기다"
파생어,Day 19,haste,"급함, 서두름"
표제어,Day 19,credible,믿을 수 있는
파생어,Day 19,credibility,"믿을 수 있음, 신뢰성"
파생어,Day 19,credibly,확실히
표제어,Day 19,dispensable,"없어도 되는, 불필요한"
파생어,Day 19,dispense,분배하다; 베풀다
표제어,Day 19,divisible,"나눌 수 있는, 나누어지는"
파생어,Day 19,divide,"나누다, 나뉘다; 분리하다"
표제어,Day 19,audible,"들리는, 들을 수 있는"
표제어,Day 19,edible,"먹을 수 있는, 식용의"
표제어,Day 19,eligible,~을 가질[할] 수 있는; 신랑[신부]감으로 좋은
표제어,Day 19,tangible,"만질 수 있는, 실체가 있는; 명백한"
파생어,Day 19,tangibly,명백히
표제어,Day 19,bilingual,2개 국어를 구사할 수 있는; 2개 국어 구사자
표제어,Day 19,duplicate,똑같은; 사본; 복사하다; 되풀이하다
파생어,Day 19,duplication,복사; 중복되다
표제어,Day 19,twilight,"황혼, 땅거미; (전성기 뒤의) 황혼기, 쇠퇴기"
표제어,Day 19,trivial,"사소한, 하찮은"
표제어,Day 19,tribe,"부족, 종족"
표제어,Day 19,deduce,"추론[추정]하다, 연역하다"
파생어,Day 19,deducible,추론할 수 있는
파생어,Day 19,deductive,연역적인
표제어,Day 19,educate,"교육하다, 가르치다"
파생어,Day 19,education,교육
표제어,Day 19,conduct,수행하다; 이끌다; 처신하다; 지휘하다; 행위; 수행
파생어,Day 19,conductor,안내자; 지휘자
파생어,Day 19,conduct oneself,처신하다
표제어,Day 19,deduct,"빼다, 공제하다"
파생어,Day 19,deduction,공제(액); 추론
표제어,Day 19,despair,"절망, 낙담; 절망하다"
파생어,Day 19,desperate,자포자기의; 필사적인
파생어,Day 19,in despair,절망하여
표제어,Day 19,prosper,"번영하다, 성공하다"
파생어,Day 19,prosperity,"번영, 호황"
표제어,Day 19,continent,"대륙, 육지"
표제어,Day 19,abstain,"기권하다; 삼가다, 절제하다"
표제어,Day 19,sustain,"유지하다; 떠받치다, 지지하다; (손해·상처 등을) 입다"
표제어,Day 19,retain,"보유하다, 유지하다; (정보 등을) 기억하다"
표제어,Day 19,attain,"달성하다, 이루다; 이르다, 달하다"
파생어,Day 19,attainable,달성할 수 있는
표제어,Day 19,integrate,"통합하다, 통합되다; 인종 차별을 철폐하다"
파생어,Day 19,integration,통합
표제어,Day 19,retail,소매; 소매하다; 소매로
파생어,Day 19,retailer,"소매상, 소매점"
표제어,Day 20,withstand,견디다; 저항하다
표제어,Day 20,withdraw,물러나다; 취소하다; 그만두다; 인출하다
표제어,Day 20,withhold,"주지 않다, 보류하다"
표제어,Day 20,abolish,"폐지하다, 없애다"
표제어,Day 20,adolescent,청소년; 청소년의
파생어,Day 20,adolescence,"사춘기, 청소년기"
표제어,Day 20,criticize,"비판하다, 비난하다; 비평하다"
파생어,Day 20,criticism,비판; 비평
파생어,Day 20,critic,"비평가, 평론가"
표제어,Day 20,discriminate,차별하다; 구별하다
파생어,Day 20,discrimination,차별; 식별[판별]력
표제어,Day 20,discern,알아보다; 식별[분간]하다
표제어,Day 20,biography,"전기, 일대기"
표제어,Day 20,biology,생물학
파생어,Day 20,biologist,생물학자
파생어,Day 20,biological,생물학적인
표제어,Day 20,resign,"사임하다, 사직하다"
파생어,Day 20,resignation,"사임, 사직(서); 체념"
파생어,Day 20,resign oneself to,포기하고 ~을 받아들이다
표제어,Day 20,signify,"의미하다, 나타내다; 중요하다, 중대하다"
파생어,Day 20,significance,중요성; 의미
파생어,Day 20,significant,중요한; 상당한
표제어,Day 20,capable,~할 수 있는; 유능한
파생어,Day 20,capability,능력
파생어,Day 20,capacity,(최대) 수용량; 능력
표제어,Day 20,conceive,생각해 내다; 상상하다; 임신하다
표제어,Day 20,captive,포로가 된; 사로잡힌; 포로
파생어,Day 20,captivity,감금
표제어,Day 20,deceive,"속이다, 기만하다"
파생어,Day 20,deception,"속임(수), 사기"
파생어,Day 20,deceit,"속임수, 기만"
표제어,Day 20,alter,"바꾸다, 변하다"
표제어,Day 20,alien,외국(인)의; 이질적인; 외계의; 외국인 체류자; 외계인
표제어,Day 20,cease,"그만두다, 그치다, 끝나다"
파생어,Day 20,ceaseless,끊임없는
표제어,Day 20,recede,"물러가다, 멀어지다; 희미해지다"
파생어,Day 20,recession,불경기
파생어,Day 20,recessive,[생물] 열성의
표제어,Day 20,precede,~에 앞서다[선행하다]
파생어,Day 20,precedent,"전례, 선례"
표제어,Day 20,predecessor,"전임자, 선배"
표제어,Day 20,casual,"느긋한, 무관심한; 평상시의; 우연한; 평상복"
표제어,Day 20,decay,"썩다, 부패하다; 쇠퇴하다; 부패; 쇠퇴"
표제어,Day 20,incident,"사건, 일어난 일"
파생어,Day 20,incidence,(범죄·질병 등의) 발생(률)
파생어,Day 20,incidental,부차적인
표제어,Day 20,sole,"유일한, 단독의"
파생어,Day 20,solely,혼자서; 단지
표제어,Day 20,solitary,"혼자의, 혼자 하는; 고립된, 외딴"
표제어,Day 20,resolve,해결하다; 결심하다
표제어,Day 20,sophisticated,"세련된, 교양 있는; 정교한"
파생어,Day 20,sophistication,"세련됨, 교양; 정교화"
표제어,Day 20,sophomore,(대학·고교의) 2학년생
표제어,Day 21,circuit,"순회; 주위, 둘레; [전기] 회로"
표제어,Day 21,circulate,순환하다[시키다]; (소문 등이) 퍼지다; 배포하다
파생어,Day 21,circulation,"순환; 유포, 유통"
표제어,Day 21,circular,"원형의, 둥근; 순회하는, 순환하는"
표제어,Day 21,cite,인용하다; 언급하다; (법정으로) 소환하다
파생어,Day 21,citation,인용구[문]; 소환(장)
표제어,Day 21,recite,"암송하다, 낭독[낭송]하다"
파생어,Day 21,recital,"독주회, 독창회"
표제어,Day 21,civil,시민의; 민간인의; [법률] 민사의
표제어,Day 21,civilize,문명화하다
파생어,Day 21,civilization,문명 (사회)
파생어,Day 21,civilized,문명화된; 예의 바른
표제어,Day 21,council,"지방 의회; 평의회, 협의회"
표제어,Day 21,proclaim,"선언하다, 공표하다"
표제어,Day 21,acquaintance,"아는 사람, 지인; 면식; 지식"
파생어,Day 21,acquaint,"(정보를) 주다, 알게 하다"
파생어,Day 21,acquainted,~와 아는 사이인; 알고 있는
표제어,Day 21,diagnose,"진단하다, (병 등의) 원인을 규명하다"
파생어,Day 21,diagnosis,"진단, 원인 규명"
파생어,Day 21,be diagnosed with[as],~으로 진단받다
표제어,Day 21,accord,"일치하다[시키다], 조화하다[시키다]; 일치, 합의; 협정"
파생어,Day 21,accordance,"일치, 부합"
파생어,Day 21,accordingly,따라서
파생어,Day 21,according to,~에 따르면
표제어,Day 21,core,"핵심, 가장 중요한 부분; 중심부; 핵심의, 가장 중요한"
표제어,Day 21,discord,"불화, 불일치; 불협화음"
표제어,Day 21,concrete,구체적인; 콘크리트로 만든; 콘크리트
표제어,Day 21,recreate,"되살리다, 재현하다"
파생어,Day 21,recreation,"기분 전환 활동, 여가 활동"
표제어,Day 21,recruit,(신입 사원·신병 등을) 모집하다; 신병; 새로운 구성원
파생어,Day 21,recruitment,신규 모집[채용]
표제어,Day 21,fatal,"치명적인, 죽음에 이르게 하는"
파생어,Day 21,fate,"운명, 숙명"
표제어,Day 21,infancy,유아기; 초기 (단계)
파생어,Day 21,infant,유아; 초기; 유아의; 초기의
표제어,Day 21,profess,"공언하다, 단언하다"
표제어,Day 21,edition,(출판물의) 판(版)
파생어,Day 21,edit,편집하다
파생어,Day 21,editor,편집자
파생어,Day 21,editorial,(신문·잡지의) 사설; 편집의; 사설의
표제어,Day 21,render,"~한 상태로 만들다; (도움 등을) 주다, 제공하다"
표제어,Day 21,surrender,항복하다; 양도하다; 항복; 양도
표제어,Day 21,assure,"보증하다, 장담하다; 확실하게 하다"
파생어,Day 21,assurance,"보증, 보장; 확신"
표제어,Day 21,ensure,"반드시 ~하게 하다, 보장하다"
표제어,Day 21,insure,보험에 가입하다
파생어,Day 21,insurance,보험(료)
표제어,Day 21,contradict,"모순되다; 반박하다, 부정하다"
파생어,Day 21,contradiction,모순; 반박
파생어,Day 21,contradictory,모순된
표제어,Day 21,dictate,"받아쓰게 하다; 명령하다, 지시하다"
파생어,Day 21,dictator,독재자
파생어,Day 21,dictation,받아쓰기; 명령
표제어,Day 21,presume,"가정하다, 추정하다"
파생어,Day 21,presumption,"추정, 가정"
표제어,Day 21,resume,다시 시작하다; 되찾다; 이력서
표제어,Day 22,attract,"끌다, 유인하다, 매혹하다"
파생어,Day 22,attraction,"유인, 매력"
파생어,Day 22,attractive,매력적인
표제어,Day 22,trail,"(질질) 끌다[끌리다]; 추적하다; 오솔길; 자국, 흔적"
표제어,Day 22,distract,"(마음·주의 등을) 흐트러뜨리다, 산만하게 하다"
표제어,Day 22,abstract,추상적인; 이론적인; 추출하다; 요약하다; 추상; 요약
표제어,Day 22,extract,"뽑다, 추출하다; 발췌하다; 발췌; 추출(물)"
표제어,Day 22,portrait,"초상(화), 인물 사진; 묘사"
파생어,Day 22,portray,"묘사하다, 그리다"
표제어,Day 22,trace,"자취, 흔적; 추적하다; (원인·유래 등을) 밝혀내다"
표제어,Day 22,treaty,"조약, 협정"
표제어,Day 22,fiction,"소설; 꾸며낸 이야기, 허구"
표제어,Day 22,defect,"결점, 결함"
파생어,Day 22,defective,결함이 있는
표제어,Day 22,proficient,"능숙한, 숙달된"
파생어,Day 22,proficiency,"숙달, 능숙"
표제어,Day 22,qualify,"자격[권한]을 주다[얻다], 적임이다"
파생어,Day 22,qualification,자격; 자격 증명서
파생어,Day 22,qualify oneself for,~에 대한 자격을 갖추다
표제어,Day 22,sufficient,충분한
파생어,Day 22,sufficiently,충분히
표제어,Day 22,colony,식민지; 집단
파생어,Day 22,colonial,식민(지)의; 식민지 주민
파생어,Day 22,colonize,식민지화하다
표제어,Day 22,cultivate,"경작하다, 재배하다; (능력 등을) 양성하다, 계발하다"
표제어,Day 22,agriculture,"농업, 농경"
표제어,Day 22,conflict,"대립, 충돌; 싸움; 대립하다, 충돌하다"
표제어,Day 22,inflict,"(고통·타격 등을) 가하다, (벌 등을) 주다"
파생어,Day 22,infliction,(고통·벌을) 가함[줌]
표제어,Day 22,fort,"요새, 보루"
파생어,Day 22,fortress,(fort보다 대규모의) 요새
파생어,Day 22,fortify,"요새화하다, 강화하다"
표제어,Day 22,force,"억지로 ~하게 하다, 강요하다; 힘; 폭력; ((the ~s)) 군대"
표제어,Day 22,reinforce,"강화하다, 증강하다, 보강하다"
파생어,Day 22,reinforcement,"강화, 증강, 보강"
표제어,Day 22,warfare,"전쟁, 전투, 싸움"
표제어,Day 22,welfare,"복지, 복리, 행복"
표제어,Day 22,confer,"협의하다, 의논하다; (상·명예 등을) 수여하다, 주다"
파생어,Day 22,conference,회담; 협의회
표제어,Day 22,infer,"추론하다, 추측하다"
파생어,Day 22,inference,"추론, 추정"
표제어,Day 22,fertile,"기름진, 비옥한; 다산의, 번식력이 있는"
파생어,Day 22,fertility,"비옥, 다산"
파생어,Day 22,fertilizer,비료
표제어,Day 22,confine,"한정하다, 제한하다; 가두다, 감금하다"
파생어,Day 22,confinement,제한; 감금
표제어,Day 22,define,정의하다; (범위·경계 등을) 규정하다
파생어,Day 22,definition,정의
파생어,Day 22,definite,"확실한, 명확한"
파생어,Day 22,definitely,틀림없이
표제어,Day 22,infinite,무한한
표제어,Day 22,refine,"정제하다; 개선하다, 다듬다"
파생어,Day 22,refinement,정제; 개선; 세련
파생어,Day 22,refined,정제된; 개선된; 세련된
표제어,Day 23,fraction,"일부, 소량; [수학] 분수"
파생어,Day 23,fractional,아주 적은; 분수의
표제어,Day 23,fragile,"깨지기 쉬운, 부서지기 쉬운; (체질이) 허약한"
파생어,Day 23,fragility,"부서지기 쉬움, 허약"
표제어,Day 23,fragment,"파편, 조각; 산산이 부수다[부서지다]"
파생어,Day 23,fragmentary,단편적인
표제어,Day 23,fundamental,"근본적인, 기본적인; 중요한, 필수의"
표제어,Day 23,profound,(영향·효과 등이) 강한; (사상·의미 등이) 심오한; 깊은
표제어,Day 23,fusion,"융합, 결합"
파생어,Day 23,fuse,녹다[녹이다]; 융합시키다[되다]; [전기] 퓨즈
표제어,Day 23,futile,"쓸모없는, 무익한"
파생어,Day 23,futility,"무가치, 무익"
표제어,Day 23,garment,의류 (한 점)
표제어,Day 23,grace,"우아함; 품위; (신의) 은혜, 은총"
파생어,Day 23,graceful,"우아한, 품위 있는"
표제어,Day 23,gratitude,감사(의 마음)
파생어,Day 23,ingratitude,"은혜를 모름, 배은망덕"
표제어,Day 23,habitat,"서식지, 거주지"
파생어,Day 23,habitation,"거주, 거주지"
표제어,Day 23,inhabit,"~에 살다, 서식하다"
파생어,Day 23,inhabitant,주민; 서식 동물
표제어,Day 23,inject,"주입하다, 주사하다"
파생어,Day 23,injection,"주입, 주사"
표제어,Day 23,project,"프로젝트, 계획; 예상[추정]하다; 투영하다; 계획하다; 돌출되다"
파생어,Day 23,projection,예상[추정]; 투영; 돌출(부)
표제어,Day 23,justify,정당화하다
파생어,Day 23,justification,"(정당화를 위한) 명분, 이유"
표제어,Day 23,prejudice,"편견, 선입관; 편견을 갖게 하다"
표제어,Day 23,arrest,체포; 체포하다
표제어,Day 23,constant,끊임없는; 불변의; 불변(의 것); [수학] 상수
파생어,Day 23,constantly,끊임없이
표제어,Day 23,institute,"학회, 협회; (제도·절차 등을) 제정하다, 도입하다"
파생어,Day 23,institution,기관[시설]; (사회) 제도; 제정
표제어,Day 23,estate,"재산; 토지, 사유지"
표제어,Day 23,destined,"~할 운명의, ~하기로 되어 있는; ((~ for)) ~행의"
파생어,Day 23,destiny,운명
파생어,Day 23,destination,"목적지, 행선지"
표제어,Day 23,assist,"돕다, 거들다; [스포츠] 어시스트"
파생어,Day 23,assistance,"도움, 원조"
파생어,Day 23,assistant,"조수, 보조자; 보조의"
표제어,Day 23,constitute,구성하다; ~로 간주되다; 설립하다
파생어,Day 23,constitution,"헌법; 체질; 구성, 구조"
표제어,Day 23,substitute,"대용품, 대리인; 대체하다; (일을) 대신하다"
파생어,Day 23,substitution,"대리, 대체"
표제어,Day 23,obstacle,"장애(물), 방해(물)"
표제어,Day 23,stable,안정된; 침착한; 마구간
파생어,Day 23,stabilize,안정시키다[되다]
파생어,Day 23,stability,안정(성)
표제어,Day 23,statistics,통계(치); 통계학
파생어,Day 23,statistical,"통계의, 통계(학)상의"
표제어,Day 23,steady,꾸준한; 안정된
파생어,Day 23,steadily,꾸준히
표제어,Day 23,substance,"물질; 본질, 실체; 요지"
파생어,Day 23,substantial,"상당한, 많은; 본질적인, 중요한"
표제어,Day 23,superstition,미신
파생어,Day 23,superstitious,"미신의, 미신적인"
표제어,Day 24,elaborate,"정교한, 정성 들인; 상세히 말하다; 갈고 다듬다"
표제어,Day 24,collaborate,"공동으로 일하다, 협력하다"
파생어,Day 24,collaboration,"협력, 협동"
표제어,Day 24,laboratory,"실험실, 연구실"
표제어,Day 24,inspect,"점검하다, 검사하다; 시찰하다, 감사하다"
파생어,Day 24,inspection,조사; 시찰
파생어,Day 24,inspector,"조사자, 검열관"
표제어,Day 24,spectacle,"구경거리, 장관; ((~s)) 안경"
파생어,Day 24,spectacular,구경거리의; 화려한 쇼
파생어,Day 24,spectator,"구경꾼, 관중"
표제어,Day 24,suspect,"의심하다, ~라고 생각하다; 용의자"
파생어,Day 24,suspicion,"의심, 혐의"
파생어,Day 24,suspicious,"의심스러운, 수상한"
표제어,Day 24,tense,긴장한; 팽팽한; [문법] 시제
파생어,Day 24,tension,"긴장, 불안; 팽팽함"
표제어,Day 24,tender,"(음식이) 연한; 다정한; 제출하다, 제공하다; 입찰하다"
표제어,Day 24,intend,의도하다; ~할 작정이다
표제어,Day 24,intense,강렬한; 치열한; 열심인
파생어,Day 24,intensive,"집중적인, 철저한"
표제어,Day 24,tend,"~하는 경향이 있다, ~하기 쉽다; 돌보다, 보살피다"
파생어,Day 24,tendency,"성향; 경향, 추세"
표제어,Day 24,evaluate,"평가하다, 견적을 내다"
파생어,Day 24,evaluation,"평가, 견적"
표제어,Day 24,valid,타당한; 유효한
파생어,Day 24,validate,입증하다; 승인[허가]하다
파생어,Day 24,validity,타당성; 유효함
표제어,Day 24,equivalent,"동등한, 대등한; ~에 상당하는; 동등한 것"
파생어,Day 24,equivalence,같음
표제어,Day 24,colleague,(직장) 동료
표제어,Day 24,privilege,"특권, 특전; 특권을 주다"
표제어,Day 24,liberal,"개방적인, 편견 없는; 자유주의의; 후한, 인색하지 않은"
파생어,Day 24,liberate,"해방하다, 자유롭게 하다"
파생어,Day 24,liberty,"자유, 해방"
표제어,Day 24,preliminary,"예비의, 준비의; 예비 단계; 예선"
표제어,Day 24,ecology,"생태학, 생태(계)"
파생어,Day 24,ecological,"생태학의, 생태상의"
표제어,Day 24,logic,논리학; 논리
파생어,Day 24,logical,"논리적인, 논리학의"
표제어,Day 24,psychology,심리학; 심리 (상태)
파생어,Day 24,psychological,심리적인
표제어,Day 24,manipulate,"(교묘하게) 조종하다, 조작하다; 잘 다루다"
파생어,Day 24,manipulation,"교묘한 조작, 잘 다룸"
표제어,Day 24,manual,"육체노동의; 수동의; 소책자, 설명서"
표제어,Day 24,manuscript,"원고; 손으로 쓴 것, 사본"
표제어,Day 24,intermediate,"중급의; 중간의, 중간에 있는; 중급자"
표제어,Day 24,mediate,"조정하다, 중재하다"
파생어,Day 24,mediator,"조정자, 중재인"
표제어,Day 24,medi(a)eval,"중세의, 중세적인"
표제어,Day 24,Mediterranean,"((the ~)) 지중해; 지중해의, 지중해 연안의"
표제어,Day 24,minister,"장관; 성직자, 목사"
파생어,Day 24,ministry,(내각의) 부(部); 성직(자)
표제어,Day 24,minor,"작은, 덜 중요한; 미성년자; 부전공"
표제어,Day 25,admit,인정[시인]하다; 입장[입학]을 허가하다
파생어,Day 25,admission,"입장[입학]; 시인, 인정; 입장료"
표제어,Day 25,commission,위원회; 수수료; 위임(장); 의뢰하다; 위임하다
표제어,Day 25,commitment,"약속, 공약; 전념, 헌신; 의무, 책임"
파생어,Day 25,commit,"(죄 등을) 범하다; 약속하다, 서약하다"
표제어,Day 25,dimension,치수; 측면; [수학·물리] 차원
파생어,Day 25,dimensional,치수의; [수학] ~차원의
표제어,Day 25,thermometer,"온도계, 체온계"
표제어,Day 25,mortal,"죽을 운명의; 치명적인; 인간성, 인류"
파생어,Day 25,mortality,사망률; 죽을 운명
파생어,Day 25,mortally,"죽을 정도로, 치명적으로"
표제어,Day 25,mortgage,저당; 융자; 저당 잡히다
표제어,Day 25,murder,"살인(죄), 살해; 죽이다"
파생어,Day 25,murderer,살인자
표제어,Day 25,motivate,"동기를 부여하다, 자극하다"
파생어,Day 25,motivation,"동기 부여, 자극"
표제어,Day 25,remote,멀리 떨어진; (가능성이) 희박한; 원격 조작의
표제어,Day 25,mobility,"이동성, 기동성"
파생어,Day 25,mobile,"움직이기 쉬운, 기동성의"
표제어,Day 25,mob,"떼, 무리, 폭도"
표제어,Day 25,commodity,"상품, 판매상품"
표제어,Day 25,modify,"변경하다, 수정하다; [문법] 수식하다"
파생어,Day 25,modification,"변경, 수정"
표제어,Day 25,commute,"통근하다; 통근 (거리), 통학 (거리)"
파생어,Day 25,commuter,통근자
표제어,Day 25,mutual,"상호 간의, 공통의"
파생어,Day 25,mutually,"서로, 공통으로"
표제어,Day 25,notion,"개념, 관념, 생각"
표제어,Day 25,notify,"통보하다, 알리다"
파생어,Day 25,notification,"통지, 공고"
표제어,Day 25,notable,"주목할 만한, 유명한, 뛰어난"
표제어,Day 25,announce,"알리다, 발표하다"
파생어,Day 25,announcement,발표; (신문의) 공고
표제어,Day 25,pronounce,"발음하다; 선언하다, 선고하다"
파생어,Day 25,pronunciation,발음
표제어,Day 25,monotonous,"단조로운, 지루한"
파생어,Day 25,monotony,단조로움
표제어,Day 25,monolog(ue),(혼자서 하는) 긴 이야기; 독백
표제어,Day 25,monopoly,독점(권); 독점 회사
파생어,Day 25,monopolistic,"독점적인, 전매의"
파생어,Day 25,monopolize,독점하다
표제어,Day 25,aspire,"열망하다, 바라다"
파생어,Day 25,aspiration,"열망, 포부"
표제어,Day 25,contemporary,현대의; 동시대의; 동시대 사람
표제어,Day 25,abound,"많이 있다, 풍부하다"
파생어,Day 25,abundant,"풍부한, 많은"
파생어,Day 25,abundance,"풍부, 다량, 다수"
표제어,Day 25,devise,"고안하다, 궁리하다"
파생어,Day 25,device,장치; 방법; 방책
표제어,Day 25,thrust,"(세게) 밀다; 찌르다; (세게) 밀침; 요점, 취지"
표제어,Day 25,threat,"위협, 협박; (나쁜 일의) 징조, 조짐"
파생어,Day 25,threaten,"위협하다, 협박하다"
표제어,Day 26,nourish,"영양분을 주다; 기르다, 육성하다"
파생어,Day 26,nourishment,영양(물); 육성
파생어,Day 26,nourishing,영양분이 많은
표제어,Day 26,nutrition,"영양, 영양 섭취"
파생어,Day 26,nutrient,"영양소, 영양분"
파생어,Day 26,nutritious,영양분이 많은
표제어,Day 26,peer,"(지위·능력 등이) 동등한 사람, 또래; 자세히 들여다보다"
표제어,Day 26,transparent,"투명한; 명백한, 이해하기 쉬운"
파생어,Day 26,transparency,"투명(성), 투명도"
표제어,Day 26,orient,((the O~)) 동양; 향하게 하다; 적응시키다
파생어,Day 26,oriental,동양의
파생어,Day 26,orientation,"관심, 지향; (신입 대상) 예비 교육"
표제어,Day 26,origin,"기원, 유래; 출신"
파생어,Day 26,original,"원래의, 최초의; 독창적인; 원본"
파생어,Day 26,originate,"(~에서) 일어나다, 비롯되다"
표제어,Day 26,partial,"부분적인, 불완전한; 편애하는, 편파적인"
파생어,Day 26,partially,"부분적으로, 불완전하게"
표제어,Day 26,proportion,"비율, 부분; 균형, 조화"
파생어,Day 26,in proportion to[as],~에 비례하여
표제어,Day 26,portion,부분; 1인분; 몫
표제어,Day 26,particle,"작은 조각, 소량, 입자; [물리] 소립자"
표제어,Day 26,patriot,애국자
파생어,Day 26,patriotism,애국심
파생어,Day 26,patriotic,"애국의, 애국적인"
표제어,Day 26,patron,후원자; 고객
표제어,Day 26,appetite,"식욕; 욕구, 욕망"
표제어,Day 26,competent,"유능한, 역량 있는"
파생어,Day 26,competence,"능력, 역량"
표제어,Day 26,expedition,"원정, 탐험(대)"
표제어,Day 26,pedestrian,보행자; 보행자(용)의
표제어,Day 26,vague,"막연한, 애매한; 희미한, 분명치 않은"
파생어,Day 26,vaguely,"애매하게, 희미하게"
표제어,Day 26,expel,"내쫓다, 추방하다"
표제어,Day 26,impulse,"충동, 욕구; 추진(력)"
파생어,Day 26,impulsive,충동적인
파생어,Day 26,on impulse,충동적으로
표제어,Day 26,dispel,"(느낌·믿음 등을) 떨쳐 버리다, 없애다"
표제어,Day 26,emphasize,강조하다
파생어,Day 26,emphasis,강조; 강세
표제어,Day 26,fancy,"상상, 공상; 화려한, 장식적인; 고급의, 비싼"
표제어,Day 26,phenomenon,"현상, 사건"
파생어,Day 26,phenomenal,경이로운
표제어,Day 26,diplomatic,외교의; 외교에 능한
표제어,Day 26,imply,"내포하다, 함축하다; 암시하다"
파생어,Day 26,implication,"(행동·결정의) 영향; 함축, 암시"
표제어,Day 26,determine,결정하다; 결심하다
파생어,Day 26,determined,단호한; (~하기로) 결심한
파생어,Day 26,determination,결심; 결정
표제어,Day 26,terminate,"끝나다, 종결시키다"
파생어,Day 26,terminal,최종적인; (병이) 말기의; (공항·버스 등의) 터미널
파생어,Day 26,termination,"종료, 종결"
표제어,Day 26,distort,왜곡하다; (형체·소리 등을) 비틀다
파생어,Day 26,distortion,왜곡(된 사실); 비틀림
표제어,Day 26,torment,"고통, 고뇌; 고통을 주다; 괴롭히다"
표제어,Day 26,torture,고문; 심한 고통; 고문하다; 몹시 괴롭히다
표제어,Day 27,component,"구성 요소, 성분, 부품; 구성하는"
표제어,Day 27,compound,"혼합[합성]물, 합성어; 합성의; 혼합[합성]하다; 악화시키다"
표제어,Day 27,impose,"(세금·벌·의무 등을) 지우다, 부과하다; 강요하다"
파생어,Day 27,imposing,인상적인
표제어,Day 27,opponent,상대; 반대자
파생어,Day 27,oppose,반대하다
표제어,Day 27,suppose,"추측하다, 생각하다; 가정하다, 상상하다"
파생어,Day 27,be supposed to-v,~하기로 되어 있다
표제어,Day 27,metropolis,"주요 도시, 대도시"
파생어,Day 27,metropolitan,"주요 도시의, 대도시의"
표제어,Day 27,portable,"휴대용의, 가지고 다닐 수 있는"
표제어,Day 27,depress,"낙담시키다, 우울하게 하다; 불경기로 만들다"
파생어,Day 27,depressed,"낙담한, 우울한; 불경기의, 불황의"
파생어,Day 27,depression,"우울(증); 불황, 불경기"
표제어,Day 27,impress,"감동시키다, 깊은 인상을 주다; (도장 등을) 찍다"
파생어,Day 27,impression,"감명, 인상"
파생어,Day 27,impressive,"감명 깊은, 인상적인"
표제어,Day 27,oppress,"억압하다, 탄압하다"
파생어,Day 27,oppressive,"가혹한, 억압적인"
파생어,Day 27,oppression,"억압, 탄압"
표제어,Day 27,probe,"(엄밀히) 조사하다, 검사하다; (엄밀한) 조사"
표제어,Day 27,prove,"증명하다, 입증하다; (~으로) 판명되다"
파생어,Day 27,proof,증거
표제어,Day 27,probable,"있음 직한, 그럴듯한"
파생어,Day 27,probably,아마(도)
파생어,Day 27,probability,있음 직함; 확률
표제어,Day 27,primitive,"원시의, 원시적인"
표제어,Day 27,prior,"이전의, 먼저의; (~에) 우선하는"
파생어,Day 27,prior to,"~에 앞서, 먼저"
파생어,Day 27,priority,우선(권)
표제어,Day 27,deprive,"빼앗다, 박탈하다"
파생어,Day 27,deprive A of B,A에게서 B를 빼앗다
파생어,Day 27,deprivation,"박탈, 결핍"
표제어,Day 27,private,"사적인, 개인적인, 사유의; 비밀의"
파생어,Day 27,privacy,"사생활, 프라이버시"
파생어,Day 27,privately,은밀하게; 개인적으로
표제어,Day 27,dispute,"논쟁, 분쟁; 논쟁하다, 반박하다"
표제어,Day 27,reputation,"평판, 명성"
파생어,Day 27,reputable,평판이 좋은
표제어,Day 27,implement,"도구, 연장; (정책·계획 등을) 실행[이행]하다"
표제어,Day 27,terrify,"겁나게 하다, 무섭게 하다"
표제어,Day 27,territory,"영토, 지역; 영역"
표제어,Day 27,tremble,"떨다, 떨리다; 흔들리다, 진동하다"
표제어,Day 27,tremendous,"엄청난, 막대한; 대단한"
표제어,Day 27,convict,유죄를 입증[선고]하다; 죄수
파생어,Day 27,conviction,유죄 판결; 확신
표제어,Day 27,convey,"(생각·감정 등을) 전하다, 전달하다; 나르다"
표제어,Day 27,previous,"이전의, 앞의, 사전의"
파생어,Day 27,previously,"이전에, 미리"
표제어,Day 27,via,"~을 경유해서; ~을 통해서, ~을 매개로 하여"
표제어,Day 27,voyage,"항해, 여행; 항해하다, 여행하다"
표제어,Day 27,voluntary,"자발적인; 자원봉사의, 무상으로 일하는"
파생어,Day 27,volunteer,자원봉사자; 지원자; 자진[자원]하여 하다
표제어,Day 28,inquire,"묻다, 알아보다; ((~ into)) 조사하다"
파생어,Day 28,inquiry,질문; 조사
표제어,Day 28,conquer,정복하다; 이기다; (어려움 등을) 극복하다
파생어,Day 28,conquest,정복; 점령지
표제어,Day 28,exquisite,"정교한, 매우 아름다운"
파생어,Day 28,exquisitely,"절묘하게, 정교하게"
표제어,Day 28,require,필요로 하다; (법·규칙·계약 등이) 요구하다
파생어,Day 28,requirement,필요(한 것); 요건
표제어,Day 28,consent,"동의, 승낙; 동의하다, 승낙하다"
파생어,Day 28,consensus,"의견 일치, 합의"
표제어,Day 28,resent,"분개하다, 불쾌하게 여기다"
파생어,Day 28,resentful,분개하는
파생어,Day 28,resentment,"분개, 분노"
표제어,Day 28,scent,"냄새, 향기; 냄새를 풍기다"
파생어,Day 28,scented,"향기로운, 좋은 냄새가 나는"
표제어,Day 28,sensation,"감각, 지각력; 느낌, 기분; 엄청난 관심, 대소동"
파생어,Day 28,sensational,세상을 놀라게 하는; 선정적인
표제어,Day 28,sense,"감각; 느낌; 분별력, 센스; 의미"
파생어,Day 28,sensory,감각의
파생어,Day 28,sensible,"분별 있는, 현명한"
파생어,Day 28,sensitive,"민감한, 예민한; 섬세한"
표제어,Day 28,consequence,"결과, 영향; 중요성"
파생어,Day 28,consequent,결과로 일어나는
파생어,Day 28,consequently,그 결과로
표제어,Day 28,sequence,"연속, 잇달아 일어남; 순서, 차례"
표제어,Day 28,subsequent,"다음의, 그 이후의"
파생어,Day 28,subsequently,"그 후에, 이어서"
파생어,Day 28,subsequent to,"~ 다음에, 뒤에"
표제어,Day 28,obsess,"((주로 수동태로)) 사로잡다, ~ 생각만 하게 하다"
파생어,Day 28,obsessive,"사로잡힌, 강박 관념의"
파생어,Day 28,obsession,"집착, 강박 관념"
표제어,Day 28,reside,"살다, 거주하다"
파생어,Day 28,residence,"주택, 거주(지)"
파생어,Day 28,resident,거주자; 거주하는
표제어,Day 28,session,"학년, 학기, 수업; (회의·의회·법정 등이) 진행 중인 시기"
파생어,Day 28,in session,"개회[개정, 회의] 중에"
표제어,Day 28,settle,"(분쟁 등을) 해결하다, 끝내다; 정착하다; 진정시키다"
파생어,Day 28,settle down,진정되다[시키다]; 정착하다
파생어,Day 28,settlement,합의; 정착지
표제어,Day 28,resemble,"~와 닮다, 비슷하다"
표제어,Day 28,simulation,"모의실험, 흉내, 시뮬레이션"
파생어,Day 28,simulate,"가장하다, 모의실험하다"
표제어,Day 28,assemble,"모으다, 모이다; 조립하다"
파생어,Day 28,assembly,"의회, 입법부; 집회; 조립"
표제어,Day 28,seemingly,"겉보기에는, 얼핏 보기에"
표제어,Day 28,rational,"이성적인; 합리적인, 분별 있는"
표제어,Day 28,scientific,"과학적인, 과학의"
표제어,Day 28,desert,"사막; 버리다, 떠나다"
표제어,Day 28,insert,"삽입하다, 넣다; (문서 등에) 덧붙이다"
파생어,Day 28,insertion,"삽입, 첨가물"
표제어,Day 28,intervene,"개입하다, 중재하다; (대화 등에) 끼어들다; (사건 등이) 사이에 일어나다"
파생어,Day 28,intervention,"중재, 개입"
표제어,Day 28,souvenir,"기념품, 기념 선물"
표제어,Day 28,supervise,"감독하다, 관리하다"
파생어,Day 28,supervisor,"감독관, 관리자"
파생어,Day 28,supervision,"감독, 관리"
표제어,Day 28,vision,"시력; 시야; 통찰력, 선견지명"
파생어,Day 28,visible,"(눈에) 보이는; 뚜렷한, 눈에 띄는"
파생어,Day 28,visual,"시각의, 눈으로 보는; 시각 자료"
표제어,Day 28,revive,소생[회복]시키다; 되살아나다
파생어,Day 28,revival,"소생, 회복"
표제어,Day 28,vital,"매우 중요한, 필수적인; 활기찬; 생명 유지에 필요한"
파생어,Day 28,vitality,"생명력, 활기"
표제어,Day 29,introvert,내성적인 사람
파생어,Day 29,introverted,"내성적인, 내향성의"
표제어,Day 29,extrovert,외향적인 사람
파생어,Day 29,extroverted,"외향적인, 외향성의"
표제어,Day 29,implicit,"내포된, 함축적인"
표제어,Day 29,explicit,"뚜렷한, 명백한"
표제어,Day 29,superior,"(~보다 더) 뛰어난, 나은, 우월한"
파생어,Day 29,superiority,"우수성, 탁월"
파생어,Day 29,superior to,~보다 나은
표제어,Day 29,inferior,"(~보다) 하위의, 열등한, 못한"
파생어,Day 29,inferiority,"열등, 하위"
파생어,Day 29,inferior to,~보다 못한
표제어,Day 29,relative,상대적인; 관련 있는; 친척
파생어,Day 29,relatively,"상대적으로, 비교적"
표제어,Day 29,absolute,절대적인; 완전한
파생어,Day 29,absolutely,"완전히, 전적으로"
표제어,Day 29,conceal,"숨기다, 감추다"
표제어,Day 29,reveal,"드러내다, 누설하다"
표제어,Day 29,active,적극적인; 활동적인
파생어,Day 29,activity,활동; 여가 활동
파생어,Day 29,action,"행동, 활동; 작동; 작용"
표제어,Day 29,passive,"소극적인, 수동적인"
표제어,Day 29,attach,"붙이다, 첨부하다"
파생어,Day 29,attachment,애착; 부착(물)
표제어,Day 29,detach,"분리하다, 떼어내다"
파생어,Day 29,detachment,"분리, 이탈; 파견(대)"
표제어,Day 29,majority,"대다수, 대부분"
표제어,Day 29,minority,소수(파); 소수 민족
표제어,Day 29,permanent,"영속하는, 영구적인"
파생어,Day 29,permanence,"영구, 영속성"
파생어,Day 29,permanently,"영구히, (영구)불변으로"
표제어,Day 29,temporary,"일시적인, 임시의"
파생어,Day 29,temporarily,"일시적으로, 임시로"
표제어,Day 29,ancestor,"조상, 선조"
표제어,Day 29,descendant,"자손, 후예"
표제어,Day 29,accelerate,"가속하다, 빨라지다; 촉진하다"
파생어,Day 29,acceleration,가속(도)
파생어,Day 29,accelerator,가속장치
표제어,Day 29,decelerate,"감속하다, 속도가 줄어들다"
파생어,Day 29,deceleration,감속(도)
표제어,Day 29,complexity,"복잡성, 복잡함"
표제어,Day 29,simplicity,"단순함, 간단함"
표제어,Day 29,mental,"정신의, 마음의"
표제어,Day 29,physical,"육체의, 신체적인; 물질적인"
표제어,Day 29,optimistic,"낙관[낙천]적인, 낙천주의의"
파생어,Day 29,optimism,낙관[낙천]주의
파생어,Day 29,optimist,낙천주의자
표제어,Day 29,skeptical,회의적인
파생어,Day 29,skepticism,"의심, 회의; 회의론"
파생어,Day 29,skeptic,회의론자
표제어,Day 29,objective,"객관적인; 목표, 목적"
표제어,Day 29,subjective,"주관적인, 주관의"
표제어,Day 30,sew,"꿰매다, 바느질하다"
표제어,Day 30,sow,(씨를) 뿌리다
표제어,Day 30,revolve,"돌다, 회전하다"
표제어,Day 30,evolve,진화하다[시키다]; 발달하다[시키다]
파생어,Day 30,evolution,진화; 발전
파생어,Day 30,evolutionary,진화의; 점진적인
표제어,Day 30,neutral,"중립의, 어느 편도 들지 않는"
표제어,Day 30,natural,"자연의, 천연의; 타고난"
표제어,Day 30,neural,신경(계)의
표제어,Day 30,flesh,"(인간·동물의) 살, 살코기"
표제어,Day 30,flash,"번쩍임; 번쩍이다, 번쩍거리다"
표제어,Day 30,leak,(물·공기 등이) 새다; 새는 구멍
파생어,Day 30,leakage,"누출, 누설"
파생어,Day 30,leaky,"새는, 새기 쉬운"
표제어,Day 30,lick,핥다
표제어,Day 30,assess,평가[산정]하다
파생어,Day 30,assessable,평가할 수 있는
파생어,Day 30,assessment,평가
표제어,Day 30,access,접근(성); 이용; 접근하다
파생어,Day 30,accessible,접근할 수 있는
표제어,Day 30,excess,"초과, 과잉; 초과한"
파생어,Day 30,excessive,과도한
표제어,Day 30,compliment,칭찬; 칭찬하다
파생어,Day 30,complimentary,칭찬하는; 무료의
표제어,Day 30,complement,"보충물, 보완하는 것; 보완[보충]하다"
파생어,Day 30,complementary,서로 보완하는
표제어,Day 30,personal,"개인의, 사적인"
파생어,Day 30,personality,성격; 개성
파생어,Day 30,personally,"개인적으로, 직접"
표제어,Day 30,personnel,"(총)인원, (전) 직원; 인사의, 직원의"
표제어,Day 30,prey,먹이; 희생(물)
표제어,Day 30,pray,"기도하다, 빌다, 간청하다"
표제어,Day 30,region,지역; 부분; 범위
파생어,Day 30,regional,"지역적인, 지방의"
표제어,Day 30,religion,"종교, 신앙"
파생어,Day 30,religious,종교(상)의; 독실한
표제어,Day 30,mess,"엉망, 어질러 놓은 것"
파생어,Day 30,messy,어질러진
파생어,Day 30,in a mess,어질러져서; 곤경에 빠져
표제어,Day 30,mass,"큰 덩어리; 다량, 다수; 대중"
파생어,Day 30,massive,"크고 무거운, 대량의"
표제어,Day 30,meditation,명상; 심사숙고
파생어,Day 30,meditate,숙고하다; 명상하다
표제어,Day 30,medication,약물; 약물 치료
파생어,Day 30,medicate,"약으로 치료하다, 투약하다"
표제어,Day 30,simulate,"흉내 내다, ~인 체하다; ~의 모의실험을 하다"
파생어,Day 30,simulation,"시뮬레이션, 모의실험"
파생어,Day 30,simulated,"모조의, 가장된"
표제어,Day 30,stimulate,"자극하다; 격려하다, 고무시키다"
파생어,Day 30,stimulation,"자극; 고무, 격려"
파생어,Day 30,stimulus,자극(하는 것)
표제어,Day 30,absorb,흡수하다; (정보·지식 등을) 받아들이다; 열중하게 하다
파생어,Day 30,absorption,"흡수, 몰두"
표제어,Day 30,absurd,"어리석은, 터무니없는"
파생어,Day 30,absurdity,"부조리, 모순"
표제어,Day 31,wander,"어슬렁거리다, 헤매다"
표제어,Day 31,wonder,궁금하다; 놀라움
파생어,Day 31,wonderful,"굉장히 멋진, 훌륭한; 놀라운"
표제어,Day 31,expand,"넓히다, 확장[확대]하다"
파생어,Day 31,expansion,"확장, 팽창"
파생어,Day 31,expansive,팽창력 있는
표제어,Day 31,expend,"(시간·노력·돈 등을) 들이다, 소비하다"
파생어,Day 31,expense,"지출, 비용"
파생어,Day 31,expensive,비싼
표제어,Day 31,imitate,"모방하다, 흉내 내다"
파생어,Day 31,imitation,"모조품; 모방, 흉내"
파생어,Day 31,imitative,흉내 내는
표제어,Day 31,initiate,"시작하다, 창시하다"
표제어,Day 31,vacation,휴가
표제어,Day 31,vocation,"천직, 직업; 사명감"
파생어,Day 31,vocational,직업상의
표제어,Day 31,bald,"벗어진, 대머리의"
파생어,Day 31,baldness,대머리임; 노골적임
파생어,Day 31,baldly,노골적으로
표제어,Day 31,bold,"대담한, 용감한"
표제어,Day 31,through,"~을 통하여, ~을 지나서"
표제어,Day 31,thorough,"철저한, 빈틈없는"
파생어,Day 31,thoroughly,"완전히, 철저히"
표제어,Day 31,marvel,놀라다; 놀라운 사람[물건]
파생어,Day 31,marvel(l)ous,"놀라운, 훌륭한"
표제어,Day 31,marble,대리석; 구슬
표제어,Day 31,assume,가정하다; 떠맡다
파생어,Day 31,assumption,"가정, 추정"
표제어,Day 31,consume,"소비하다, 다 써버리다"
파생어,Day 31,consumption,소비(량)
파생어,Day 31,consumer,소비자
표제어,Day 31,award,"상, 상품; 수여하다"
표제어,Day 31,reward,보상; 보답하다
표제어,Day 31,eliminate,"제거하다, 삭제하다"
파생어,Day 31,elimination,"제거, 삭제"
표제어,Day 31,illuminate,"조명하다, 밝게 하다"
파생어,Day 31,illuminating,이해를 돕는
표제어,Day 31,statue,"상, 조각상"
표제어,Day 31,status,"지위, 신분"
표제어,Day 31,hospitality,"환대, 친절히 접대함"
파생어,Day 31,hospitable,환대하는
표제어,Day 31,hostility,"적의, 적개심"
파생어,Day 31,hostile,"적대적인; 적의, 적군의"
표제어,Day 31,affect,~에 영향을 미치다
표제어,Day 31,effect,"효력, 효과, 결과; (어떤 결과를) 초래하다"
파생어,Day 31,effective,효과적인; 유효한
파생어,Day 31,side effect,부작용
파생어,Day 31,cause and effect,원인과 결과
표제어,Day 31,conserve,"보존하다, 보호하다"
파생어,Day 31,conservation,"보존, 보호"
파생어,Day 31,conservative,보수적인
표제어,Day 31,observe,"관찰하다, 지켜보다; (법·관습 등을) 지키다, 준수하다"
파생어,Day 31,observer,"관찰자, 감시자"
파생어,Day 31,observant,관찰력 있는
표제어,Day 31,expire,"만기가 되다, 만료되다"
파생어,Day 31,expiration,"만료, 만기"
표제어,Day 31,inspire,"격려하다; (감정 등을) 불어넣다, 영감을 주다"
파생어,Day 31,inspiration,영감; 자극
표제어,Day 32,inherent,"타고난, 고유의"
파생어,Day 32,inherence,"고유, 타고남"
표제어,Day 32,inheritance,"상속 재산, 유산; 계승"
표제어,Day 32,detect,"발견하다, 감지하다, 알아내다"
파생어,Day 32,detectable,탐지할 수 있는
파생어,Day 32,detective,"탐정, 형사"
파생어,Day 32,detection,"발견, 탐지"
파생어,Day 32,detector,탐지기
표제어,Day 32,protect,"지키다, 보호하다"
파생어,Day 32,protection,"보호, 방어"
파생어,Day 32,protective,보호하는
표제어,Day 32,hesitancy,"머뭇거림, 망설임"
파생어,Day 32,hesitate,"주저하다, 망설이다"
파생어,Day 32,hesitant,"주저하는, 망설이는"
표제어,Day 32,consistency,일관성; 견고함
파생어,Day 32,consistent,"일관된, 한결같은; 일치하는"
표제어,Day 32,invention,발명; 발명품
파생어,Day 32,invent,발명하다
파생어,Day 32,inventor,발명가
표제어,Day 32,convention,"집회, 총회; 관습"
파생어,Day 32,conventional,"전통적인, 관습적인"
표제어,Day 32,compact,"아담한; 빽빽한; 계약, 협정"
표제어,Day 32,impact,충격; 영향; 충격을 주다
파생어,Day 32,have an impact on,~에 영향을 주다
표제어,Day 32,continual,"빈번한, 자주 일어나는"
파생어,Day 32,continue,"계속되다, 이어지다"
파생어,Day 32,continually,"계속적으로, 빈번히"
표제어,Day 32,continuous,"끊임없는, 연속적인"
파생어,Day 32,continuously,"계속하여, 끊임없이"
표제어,Day 32,stationary,"움직이지 않는, 정지한"
표제어,Day 32,stationery,"문구, 문방구"
표제어,Day 32,capability,"능력, 재능"
파생어,Day 32,capable,~을 할 수 있는; 유능한
표제어,Day 32,capacity,수용력; 용량; 능력
표제어,Day 32,career,직업; 경력
표제어,Day 32,carrier,운반인; 운반기; 보균자; 운수 회사
표제어,Day 32,momentary,순간의
파생어,Day 32,momentarily,"잠시; 곧, 즉시"
표제어,Day 32,momentous,"중대한, 중요한"
표제어,Day 32,respectful,"공손한, 존경[존중]하는"
표제어,Day 32,respective,"각각의, 개개의"
표제어,Day 32,reserve,"따로 떼어두다, 준비해두다; 예약하다; 비축(물)"
파생어,Day 32,reservation,예약
표제어,Day 32,deserve,"~할 가치가 있다, ~을 받을 만하다"
표제어,Day 32,jealous,질투가 많은; 투기하는
파생어,Day 32,jealousy,질투
파생어,Day 32,jealously,질투하여; 경계하여
표제어,Day 32,zealous,"열심인, 열광적인"
표제어,Day 32,competition,"경쟁; 대회, 시합"
파생어,Day 32,compete,경쟁하다
표제어,Day 32,competence,"능력, 역량; 권한"
파생어,Day 32,competent,유능한
표제어,Day 32,observance,준수; 의식
표제어,Day 32,observation,"관찰, 감시"
파생어,Day 32,observatory,"관측소, 천문대"
파생어,Day 32,observer,"관찰자, 감시자"
표제어,Day 33,disability,"장애, 불리한 조건; 무력"
파생어,Day 33,ability,"할 수 있음, 능력"
표제어,Day 33,inability,"~할 수 없음, 무능력"
표제어,Day 33,tempt,"유혹하다, 부추기다"
파생어,Day 33,temptation,유혹
파생어,Day 33,tempting,"유혹하는, 매력적인"
표제어,Day 33,contempt,"경멸, 모욕; 수치"
파생어,Day 33,contemptible,경멸할 만한
파생어,Day 33,contemptuous,"모욕적인, 무시하는"
표제어,Day 33,carve,베다; (어떤 모양으로) 새기다
표제어,Day 33,curve,"곡선; (도로 등의) 굽이, 커브; 구부러지다"
표제어,Day 33,memorable,기억할 만한
표제어,Day 33,memorial,기념물; 기념의
표제어,Day 33,professor,교수
표제어,Day 33,profession,"직업, 전문직"
파생어,Day 33,professional,직업의; 전문적인; 전문가; 프로 (선수)
표제어,Day 33,physicist,물리학자
파생어,Day 33,physics,물리학
표제어,Day 33,physician,"내과 의사, 의사"
표제어,Day 33,occupation,"직업, 업무"
파생어,Day 33,occupy,차지하다; 거주하다
파생어,Day 33,occupational,직업의
표제어,Day 33,occupant,"점유자, 거주자"
표제어,Day 33,conscious,"의식하는, 자각하는; 의식이 있는; 의도적인"
표제어,Day 33,conscience,"양심, 도덕심"
파생어,Day 33,conscientious,"양심적인, 성실한"
표제어,Day 33,intelligent,"지능이 높은, 총명한"
파생어,Day 33,intelligence,"지능; 정보부, 첩보 기관"
표제어,Day 33,intellectual,"지적인, 지성의"
표제어,Day 33,emit,"방출하다, ~을 내뿜다"
파생어,Day 33,emission,방출
표제어,Day 33,omit,"~을 생략하다, 빠뜨리다"
파생어,Day 33,omission,생략(된 것)
표제어,Day 33,attribute,~의 탓[덕분]으로 하다
파생어,Day 33,attribution,"귀속, 귀인; 속성"
표제어,Day 33,contribute,기여하다; 기부하다
파생어,Day 33,contribution,기여; 기부(금)
표제어,Day 33,eminent,"저명한, (신분이) 높은"
표제어,Day 33,imminent,"임박한, 촉박한"
표제어,Day 33,prominent,"두드러진, 현저한"
표제어,Day 33,literal,글자 그대로의
파생어,Day 33,literally,"글자 그대로, 그야말로"
표제어,Day 33,literate,읽고 쓸 수 있는
표제어,Day 33,literary,"문학의, 문학적인"
파생어,Day 33,literature,문학 (작품)
표제어,Day 33,numeral,숫자
파생어,Day 33,numerical,계산 능력이 있는
파생어,Day 33,numerate,"수의, 숫자상의"
표제어,Day 33,numerous,"다수의, 셀 수 없이 많은"
표제어,Day 34,humble,"겸손한; (신분이) 낮은, 비천한; 변변찮은"
표제어,Day 34,major,"중요한, 주요한; 대다수의, 큰 쪽의; 전공; ((~in)) 전공하다"
표제어,Day 34,submit,"제출하다; 복종[굴복]하다; 제안하다, 진술하다"
파생어,Day 34,submission,"제출; 복종, 굴복"
파생어,Day 34,submissive,"복종하는, 순종하는"
표제어,Day 34,capital,수도; 자본; 대문자; 대문자의; 자본의; 사형의
표제어,Day 34,suspend,일시 중지하다; 정학[정직]시키다; 매달다; 보류하다
파생어,Day 34,suspension,"일시 중지; 정직, 정학"
표제어,Day 34,comprehend,"이해하다, 파악하다; 포함하다, 내포하다"
파생어,Day 34,comprehensible,이해할 수 있는
파생어,Day 34,comprehensive,"포괄적인, 광범위한"
파생어,Day 34,comprehension,이해(력)
표제어,Day 34,moderate,"보통의, 적당한; 중도의, 온건한; 완화하다, 누그러뜨리다"
파생어,Day 34,moderation,"절제, 중용"
파생어,Day 34,moderately,"알맞게, 적당히"
표제어,Day 34,modest,"겸손한; (가격·크기 등이) 적당한, 대단하지 않은; 얌전한, 수수한"
파생어,Day 34,modesty,겸손; 정숙함
표제어,Day 34,issue,"논점, 쟁점; 발행(물); 발표[공표]하다; 발행하다"
표제어,Day 34,complex,"복잡한; 복합의; 건물 단지; 복합체; 콤플렉스, 강박관념"
파생어,Day 34,complexity,"복잡성, 복잡함"
표제어,Day 34,deposit,"계약금, 보증금; 예금; 퇴적물, 침전물; 두다; 예금하다; 퇴적[침전]시키다"
표제어,Day 34,suit,"적합하다, 알맞다; 어울리다; 정장; 소송"
표제어,Day 34,property,"재산, 소유물; 부동산; 특성"
표제어,Day 34,attend,"참석[출석]하다; 돌보다; ~에 수반하다; 다루다, 처리하다"
파생어,Day 34,attendant,"시중드는 사람, 수행원"
파생어,Day 34,attentive,"주의 깊은, 세심한"
파생어,Day 34,attendance,출석(수)
파생어,Day 34,attention,관심; 주목; 돌봄
표제어,Day 34,tune,"곡, 곡조; (악기를) 조율하다; (기계를) 조정하다; (채널을) 맞추다"
파생어,Day 34,in[out of] tune,음이 맞는[맞지 않는]
표제어,Day 34,command,명령하다; 지휘하다; (경치를) 내려다보다; 명령; 지휘
파생어,Day 34,commander,"지휘자, 사령관"
표제어,Day 34,contract,"계약(서); 계약하다; 수축하다[시키다], 줄어들다; (병에) 걸리다"
파생어,Day 34,contraction,"수축, 축소"
표제어,Day 34,relieve,(고통 등을) 경감시키다; (문제의 심각성을) 완화하다; 교대하다
파생어,Day 34,relief,"안도, 안심; (고통 등의) 완화; 구호물자"
파생어,Day 34,relieved,"안심한, 안도하는"
표제어,Day 35,content,((~s)) 내용(물); 함유량; (연설·문서 등의) 내용; 만족한; 동만족시키다
파생어,Day 35,contentment,만족
표제어,Day 35,bind,"묶다, 감다; 결속시키다; 의무를 지우다"
표제어,Day 35,grave,무덤; 심각한; 중대한
파생어,Day 35,gravity,중력; 심각성; 중대함
표제어,Day 35,facility,"((~s)) 설비, 시설; 기능; 건물, 장소; 재능, 능력"
파생어,Day 35,facilitate,용이하게 하다
표제어,Day 35,reflect,(거울 등에) 비치다; (빛 등을) 반사하다; 반영하다; 심사숙고하다
파생어,Day 35,reflection,반사; 반영; 심사숙고
표제어,Day 35,identify,(신원 등을) 확인하다; ((~ with)) (~와) 동일시하다
파생어,Day 35,identity,"신원, 정체; 정체성; 동일함, 일치"
파생어,Day 35,identification,신분 증명(서)
파생어,Day 35,identical,동일한
표제어,Day 35,decline,"줄어들다, 감소하다; 거절하다; 감소, 하락"
표제어,Day 35,cast,(시선·미소 등을) 던지다; 배역을 정하다; 주조하다; 출연자; 깁스
표제어,Day 35,correspond,일치[부합]하다; 해당[상응]하다; 편지를 주고받다
파생어,Day 35,correspondence,"서신 왕래; 대응, 해당"
파생어,Day 35,correspondent,"통신원, 특파원"
표제어,Day 35,transfer,"이동하다, 전근[전학]하다; 환승하다; 전송하다; 이동, 이적, 전학; 환승"
표제어,Day 35,reason,"이유; 근거; 이성; 판단하다, 추론하다"
파생어,Day 35,reasonable,합리적인; 합당한
표제어,Day 35,abrupt,"돌연한, 갑작스러운; 퉁명스러운"
파생어,Day 35,abruptly,"갑자기, 불쑥; 퉁명스럽게"
표제어,Day 35,occur,"일어나다, 생기다; (생각 등이) 떠오르다; 존재하다, 발견되다"
파생어,Day 35,occurrence,"발생; 사건, 일어난 일"
표제어,Day 35,condemn,비난하다; 선고를 내리다; (좋지 않은 상황에) 처하게 하다
파생어,Day 35,condemnation,비난
파생어,Day 35,condemnatory,비난의
표제어,Day 35,present,"참석한; 현재의; 선물; ((the ~)) 현재; 주다, 제출하다; 나타내다; 생기다"
파생어,Day 35,presence,"참석, 출석, 있음"
표제어,Day 35,accommodate,"수용하다, 공간을 제공하다; (의견 등을) 수용하다; (환경 등에) 적응하다"
파생어,Day 35,accommodation,숙박 시설; 합의
표제어,Day 35,scale,규모; (측정용) 등급; 저울; (지도의) 축척; (물고기 등의) 비늘
표제어,Day 35,temperate,(기후·지역이) 온화한; (행동이) 절제된
표제어,Day 36,faculty,"교수진, 교직원; (대학의) 학부; 재능, 능력"
표제어,Day 36,refer,"언급하다; 참고하다, 참조하다; 나타내다"
파생어,Day 36,reference,"언급; 참고, 참조; 추천서; 참고 문헌"
표제어,Day 36,tough,"곤란한, 힘든; 튼튼한, 강인한; 질긴, 단단한"
표제어,Day 36,certain,"확신하는; 확실한, 틀림없는; 특정한; 어느 정도의"
파생어,Day 36,certainly,"틀림없이, 분명히"
파생어,Day 36,certainty,확실성; 확신
표제어,Day 36,condition,상태; ((~s)) (생활·작업 등의) 환경; 조건; 길들이다
파생어,Day 36,conditional,조건부의
표제어,Day 36,craft,"(수)공예; 기술; 배, 비행기, 우주선; 공들여 만들다"
파생어,Day 36,craftsman,"장인, 숙련공"
파생어,Day 36,craftsmanship,손재주; 솜씨
표제어,Day 36,asset,"자산, 재산; 자산(이 되는 사람·물건)"
표제어,Day 36,burst,"터지다; 불쑥 가다[오다]; 가득 차다, 터질 듯하다; 파열, 폭발"
표제어,Day 36,beat,"이기다; 치다, 때리다; 능가하다; (심장이) 고동치다; (연달아) 때림; 박자"
표제어,Day 36,edge,"가장자리, 끝; (칼 등의) 날; 조금씩 움직이다"
표제어,Day 36,deal,"다루다, 처리하다; 거래하다; (카드를) 나누다; 거래; 대우, 취급"
파생어,Day 36,dealer,상인
파생어,Day 36,a great deal of,다량의
표제어,Day 36,direct,지도하다; (길을) 안내하다; 감독하다; 직접적인; 직행의
파생어,Day 36,direction,"방향; 지시, 명령"
파생어,Day 36,directly,직접적으로
표제어,Day 36,bow,"(허리를 굽혀) 절하다; (고개를) 숙이다; 휘다, 굽다; 절, 인사; 활"
표제어,Day 36,bitter,맛이 쓴; 억울해하는; 신랄한; (바람·추위 따위가) 지독한
파생어,Day 36,bitterly,몹시; 비통하게
표제어,Day 36,bar,"막다, 금하다; 잠그다; 술집; 막대기 (모양의 것)"
파생어,Day 36,bar in[out],~을 가두다[내쫓다]
표제어,Day 36,bound,~할 가능성이 큰; (법·의무 등에) 얽매인; ~행의; 껑충껑충 뛰어가다; 경계를 이루다; 뛰어오르기
표제어,Day 36,adhere,"들러붙다; (주의·신념·의견에) 충실하다, 고수하다"
파생어,Day 36,adhesion,"부착, 접착(력)"
파생어,Day 36,adhesive,접착제; 들러붙는
파생어,Day 36,adherent,지지자
파생어,Day 36,adherence,고수
표제어,Day 36,branch,"나뭇가지; 지사, 분점, 부서; 분야; 갈라지다, 나뉘다"
표제어,Day 37,fountain,"분수; 샘; 근원, 원천"
파생어,Day 37,fountain pen,만년필
표제어,Day 37,bill,"계산서, 청구서; 지폐; 법안; (새의) 부리"
표제어,Day 37,owe,빚지고 있다; 덕택으로 생각하다; ~에게 (어떤 감정을) 품고 있다
표제어,Day 37,decent,"(수준·질이) 괜찮은, 제대로 된; 예의 바른; (상황에) 적절한"
파생어,Day 37,decency,"품위, 체면"
표제어,Day 37,term,"기간, 임기; 용어; 학기; ((~s)) 조건"
파생어,Day 37,in terms of,~의 측면에서
표제어,Day 37,discipline,"규율, 훈육; 절제력; 단련, 수련; 징계하다; 훈육하다"
파생어,Day 37,disciplined,"훈련된, 통제가 잘 된"
표제어,Day 37,launch,"시작하다, 착수하다; 출시하다; 발사하다; 출시; 발사"
표제어,Day 37,inflate,부풀리다[부풀다]; 과장하다; (물가·가격을) 올리다[오르다]
파생어,Day 37,inflated,"부풀린, 과장된; (물가가) 폭등한"
파생어,Day 37,inflation,인플레이션; 팽창
표제어,Day 37,race,경주; 인종; 경주하다
파생어,Day 37,racial,인종(상)의
파생어,Day 37,racist,"민족주의자, 인종 차별주의자"
파생어,Day 37,racism,"인종적 우월감, 민족주의"
표제어,Day 37,flat,평평한; 균일의; 바람이 빠진; 아파트; (타이어의) 펑크
파생어,Day 37,flatten,평평하게 하다; 쓰러뜨리다
표제어,Day 37,demonstrate,입증하다; (사용법 등을) 설명하다; 시위하다
파생어,Day 37,demonstration,시위; 실물 설명; 증명
표제어,Day 37,flush,(얼굴이) 붉어지다; 물로 씻어내리다; 홍조; 물로 씻어냄
파생어,Day 37,flushed,"(얼굴이) 빨간, 상기된"
표제어,Day 37,custom,"관습; 습관; ((~s)) 관세, 세관"
파생어,Day 37,customary,관례적인; 습관적인
파생어,Day 37,customable,관세가 붙는
표제어,Day 37,firm,"단단한, 딱딱한; 흔들리지 않는, 확고한; 회사"
파생어,Day 37,firmly,단단히; 확고하게
파생어,Day 37,firmness,견고; 확고함
표제어,Day 37,folk,"사람들; ((~s)) 가족, 친척; 민속의; 민간의"
표제어,Day 37,balance,균형; 잔액; 저울; 균형을 잡다
표제어,Day 37,radical,근본적인; 급진적인; 급진주의자
파생어,Day 37,radically,"근본적으로, 철저하게"
파생어,Day 37,radicalism,급진주의
표제어,Day 37,margin,"여백; (득표 수 등의) 차이; 마진, 수익"
파생어,Day 37,marginal,미미한; 주변부의
표제어,Day 38,recall,"기억해 내다; 소환하다, 도로 부르다; (물건을) 회수하다; 기억(력); 회수; 소환"
표제어,Day 38,remark,"말하다, 논평하다; 알아채다; 말, 의견"
파생어,Day 38,remarkable,"주목할 만한, 놀라운"
표제어,Day 38,row,"줄, 열; 노 젓기; 노[배]를 젓다"
표제어,Day 38,score,"득점; 점수, 성적; ~라는 점; 득점하다; 채점하다"
표제어,Day 38,stroke,쓰다듬다; (공 등을) 치다; 타격; 뇌졸중
표제어,Day 38,subtle,"미묘한, 감지하기 힘든; 교묘한; 예민한"
파생어,Day 38,subtlety,미묘함
파생어,Day 38,subtly,미묘하게
표제어,Day 38,tissue,(생물) 조직; 화장지; 얇은 종이
표제어,Day 38,seed,"씨; 근원, 원인; 씨를 뿌리다"
표제어,Day 38,shallow,얕은; 피상적인; (호흡이) 약한
파생어,Day 38,shallowly,얕게
표제어,Day 38,shed,"없애다; 떨어뜨리다, 흘리다; (빛을) 비추다; 헛간"
파생어,Day 38,shed light on,"~을 비추다; 밝히다, 해명하다"
표제어,Day 38,stick,찌르다; 붙이다; 꼼짝하지 않다; 막대기
파생어,Day 38,sticky,끈적거리는; 무더운
표제어,Day 38,trial,"재판; 시험, 실험; 시련; 시험하다"
표제어,Day 38,treat,"대우하다, 취급하다; 간주하다; 치료하다; 대접하다"
파생어,Day 38,treatment,"취급, 대우; 치료"
표제어,Day 38,slight,"약간의, 경미한; 가냘픈; 무시하다"
파생어,Day 38,slightly,약간
표제어,Day 38,spare,"(시간·돈을) 할애하다, 내다; (고생 등을) 면하게 하다; 여분의"
표제어,Day 38,square,정사각형; 광장; 제곱; 정사각형의
표제어,Day 38,perform,"수행하다; 공연하다, 연주하다; 작동하다"
파생어,Day 38,performer,행위자; 연기자
파생어,Day 38,performance,공연; 성과
표제어,Day 38,starve,"굶주리다, 굶어 죽다; 굶기다; 갈망하다"
파생어,Day 38,starvation,기아
표제어,Day 39,adore,"동경[흠모]하다, 아주 좋아하다; 숭배하다"
파생어,Day 39,adorable,"귀여운, 사랑스러운"
표제어,Day 39,envious,"부러워하는, 샘내는"
파생어,Day 39,envy,"부러워하다; 질투, 선망"
표제어,Day 39,fascinated,"매료된, 매혹된"
파생어,Day 39,fascinate,매혹하다
파생어,Day 39,fascinating,매혹적인
표제어,Day 39,fond,좋아하여; 다정한
파생어,Day 39,fondly,"다정하게, 귀여워하여"
파생어,Day 39,be fond of,~을 좋아하다
표제어,Day 39,manifest,"(감정 등을) 밖으로 나타내다; 명백한, 분명한"
파생어,Day 39,manifestation,"징후, 표명"
표제어,Day 39,astonished,깜짝 놀란
파생어,Day 39,astonish,놀라게 하다
파생어,Day 39,astonishing,"놀라운, 놀랄 만한"
표제어,Day 39,indifferent,"무관심한, 사심이 없는"
파생어,Day 39,indifference,"무관심, 냉담"
표제어,Day 39,embarrassed,"난처한, 거북한"
파생어,Day 39,embarrass,난처하게 하다
파생어,Day 39,embarrassing,"난처하게 하는, 당혹스럽게 하는"
표제어,Day 39,hesitate,"주저하다, 망설이다"
파생어,Day 39,hesitant,망설이는
표제어,Day 39,panic,당황하여 허둥대다; 당황한; 공황
파생어,Day 39,panicky,공황의; 당황한
파생어,Day 39,in a panic,"허둥지둥, 공황을 일으켜"
표제어,Day 39,startled,놀란
파생어,Day 39,startling,놀랄 만한
파생어,Day 39,startle,깜짝 놀라게 하다
표제어,Day 39,affection,"애정, 애착"
파생어,Day 39,affectionate,"애정 어린, 다정한"
표제어,Day 39,provoke,유발하다; 화나게 하다
파생어,Day 39,provocation,"도발, 자극"
표제어,Day 39,disgusting,"역겨운, 혐오스러운"
파생어,Day 39,disgust,"역겹게 하다; 혐오감, 역겨움"
표제어,Day 39,annoyed,"짜증이 난, 화가 난"
파생어,Day 39,annoy,"짜증 나게 하다, 귀찮게 굴다"
파생어,Day 39,annoying,"성가신, 난처한"
표제어,Day 39,frustrated,"좌절감을 느끼는, 불만스러워 하는"
파생어,Day 39,frustrate,"좌절시키다, 실망시키다"
파생어,Day 39,frustration,좌절(감)
표제어,Day 39,furious,격노한; 맹렬한
파생어,Day 39,fury,"격노, 분노"
표제어,Day 39,hatred,"미움, 증오, 혐오"
표제어,Day 39,humiliating,"치욕적인, 굴욕적인"
파생어,Day 39,humiliate,"창피를 주다, 자존심을 상하게 하다"
표제어,Day 39,irritated,"짜증이 난, 화난"
파생어,Day 39,irritate,짜증나게 하다
파생어,Day 39,irritation,화; 짜증나게 하는 것
표제어,Day 39,keen,열심인; 몹시 하고 싶어 하는; 예민한
표제어,Day 39,mournful,"구슬픈, 슬픔에 잠긴"
파생어,Day 39,mourn,"애도하다, 슬퍼하다"
표제어,Day 39,ashamed,"창피한, 부끄러운"
표제어,Day 39,disappointed,"실망한, 낙담한"
파생어,Day 39,disappoint,실망시키다
파생어,Day 39,disappointment,"실망, 낙심"
표제어,Day 39,sorrowful,"슬픈, 비탄에 잠긴"
파생어,Day 39,sorrow,"슬픔, 비애; 슬픈 일"
표제어,Day 39,gloomy,"우울한, 울적한"
표제어,Day 39,grief,"큰 슬픔, 비탄"
파생어,Day 39,grieve,몹시 슬퍼하다[슬프게 하다]
파생어,Day 39,grievous,"슬픈, 비통한"
표제어,Day 39,delighted,"기쁜, 즐거워하는"
파생어,Day 39,delight,기쁨; 기쁘게 하다
표제어,Day 39,gratifying,"만족스러운, 유쾌한"
파생어,Day 39,gratify,"만족시키다, 기쁘게 하다"
표제어,Day 39,miserable,"비참한, 불행한"
표제어,Day 40,risky,"모험적인, 대담한, 위험한"
파생어,Day 40,risk,위험; 위험에 내맡기다
표제어,Day 40,urgent,"긴박한, 긴급한"
표제어,Day 40,chaotic,"혼돈된, 무질서한, 혼란한"
표제어,Day 40,hazardous,"위험한, 모험적인"
파생어,Day 40,hazard,"위험, 위험 요소"
표제어,Day 40,frightening,겁을 주는
파생어,Day 40,frighten,두려워하게 하다
파생어,Day 40,frightened,겁먹은
표제어,Day 40,formidable,무서운; 만만치 않은
표제어,Day 40,stunning,깜짝 놀라게 하는; 놀랄 만큼 아름다운[멋진]
파생어,Day 40,stun,기절시키다; 깜짝 놀라게 하다
표제어,Day 40,dreadful,"지독한, 몹시 싫은"
파생어,Day 40,dread,"근심, 불안; 두려워하다, 걱정하다"
표제어,Day 40,horror,"공포, 무서움"
파생어,Day 40,horrify,"무서워하게 하다, 소름 끼치게 하다"
파생어,Day 40,horrific,"무서운, 소름 끼치는"
표제어,Day 40,vigorous,"활발한, 격렬한; 활기찬, 건강한"
파생어,Day 40,vigor,"활기, 힘"
표제어,Day 40,yearn,"동경하다, 그리워하다; 열망하다"
파생어,Day 40,yearning,"동경, 열망"
표제어,Day 40,exotic,외래의; 이국풍의
표제어,Day 40,tragic,비극적인; 매우 슬픈
파생어,Day 40,tragedy,비극; 참사
표제어,Day 40,cruel,"잔인한, 잔혹한; 비참한"
파생어,Day 40,cruelty,"잔인함, 학대"
표제어,Day 40,melancholic,"우울한, 침울한"
파생어,Day 40,melancholy,우울감; 구슬픈
표제어,Day 40,weird,"이상한, 괴상한"
파생어,Day 40,weirdly,이상하게
파생어,Day 40,weirdness,기묘함
표제어,Day 40,desperate,자포자기의; 필사적인; 절망적인
파생어,Day 40,desperately,"필사적으로, 자포자기하여"
표제어,Day 40,dreary,"쓸쓸한, 음울한, 황량한"
표제어,Day 40,dynamic,"동적인; 정력적인, 활발한; ((~s)) 역학; 원동력"
파생어,Day 40,dynamically,활동적으로; 역학적으로
표제어,Day 40,serene,"잔잔한, 평온한"
파생어,Day 40,serenity,"조용함, 평온"
표제어,Day 40,solemn,"진지한, 엄숙한"
파생어,Day 40,solemnity,"엄숙, 장엄"
표제어,Day 40,stern,"엄중한, 강경한"
표제어,Day 40,cynical,냉소적인; 비관적인
표제어,Day 40,satirical,"풍자적인, 비꼬는"
파생어,Day 40,satire,"풍자, 비꼼; 풍자문"
표제어,Day 40,ironic(al),"반어적인, 빗대는"
파생어,Day 40,irony,"반어, 비꼼; 역설적인 상황"
파생어,Day 40,ironically,반어적으로; 얄궂게도
표제어,Day 40,pessimistic,"비관적인, 염세적인"
파생어,Day 40,pessimist,비관주의자
표제어,Day 40,informative,"정보를 주는, 유익한"
파생어,Day 40,inform,"알리다, 통지하다"
파생어,Day 40,information,"정보, 자료"
표제어,Day 40,admirable,감탄할 만한
파생어,Day 40,admire,"감탄하다, 칭찬하다"
파생어,Day 40,admiration,"감탄, 존경"
표제어,Day 40,suspicious,"의심스러운, 수상한"
표제어,Day 40,narrative,"서술의; 이야기로 이루어진; 이야기, 담화"
파생어,Day 40,narrate,이야기하다; 내레이션을 하다
표제어,Day 41,wage,"임금, 급료"
표제어,Day 41,incentive,"포상물, 인센티브; 자극, 동기"
표제어,Day 41,boost,"신장시키다, 북돋우다; 격려, 힘; 증가"
표제어,Day 41,collapse,"(가격이) 폭락하다; 무너지다, 붕괴하다"
표제어,Day 41,thrift,"검약, 절약"
파생어,Day 41,thrifty,"절약하는, 알뜰한"
표제어,Day 41,constrain,~하게 만들다[강요하다]; 제한하다
파생어,Day 41,constraint,"제약; 제한, 통제"
표제어,Day 41,budget,예산; 예산안
표제어,Day 41,auction,경매; 경매하다
표제어,Day 41,lease,임대차 계약; 임대하다
표제어,Day 41,loan,대여; 융자금; 빌려주다
표제어,Day 41,monetary,"화폐의, 통화의"
표제어,Day 41,stock,주식; 재고; 저장
파생어,Day 41,stockholder,주주
파생어,Day 41,stock market,주식 시장
표제어,Day 41,currency,"통화, 화폐; (화폐의) 유통"
표제어,Day 41,debt,"빚, 부채"
파생어,Day 41,debtor,채무자
표제어,Day 41,exclusive,"독점적인; 배타적인; 고급의, 고가의; 독점 기사"
파생어,Day 41,exclude,"제외하다, 배제하다"
파생어,Day 41,exclusion,"제외, 배제"
표제어,Day 41,affiliate,"(더 큰 회사·기관과) 제휴하다, 연계하다; 지부, 계열사"
파생어,Day 41,affiliation,"가입, 소속; 제휴"
표제어,Day 41,enterprise,"기업(체), 회사; 사업"
파생어,Day 41,entrepreneur,기업가
표제어,Day 41,commercial,"상업의, 무역의; 광고 방송"
파생어,Day 41,commerce,"상업, 무역"
파생어,Day 41,commercialize,상업화하다
표제어,Day 41,barter,"물물교환; 물물교환을 하다, 교역하다"
표제어,Day 41,incorporate,법인 조직으로 만들다; 포함하다
표제어,Day 41,executive,(기업 등의) 경영 간부[이사]; ((the ~)) 행정부; 경영의; 행정의
표제어,Day 41,harvest,"수확, 추수; 수확하다"
표제어,Day 41,reap,"(농작물을) 베어들이다, 수확하다"
표제어,Day 41,barn,"(곡식 등의) 헛간, 창고"
파생어,Day 41,barnyard,농가[농장] 마당
표제어,Day 41,barren,불모의; 열매를 맺지 못하는
표제어,Day 41,vessel,"배, 선박; 용기, 그릇"
표제어,Day 41,freight,운송[적재] 화물; 화물을 싣다; 운송하다
표제어,Day 41,shipment,"선적, (화물의) 발송"
표제어,Day 41,transport,"수송하다, 나르다; 수송, 운송"
표제어,Day 41,wagon,"4륜차; (노상의) 물건 파는 수레, 짐마차"
표제어,Day 42,literature,"문예, 문학"
파생어,Day 42,literary,"문학의, 문학적인"
표제어,Day 42,author,"저자, 작가"
파생어,Day 42,authorial,저자[작가]의
표제어,Day 42,epic,"서사시의, 서사체의; 서사시; 대하 소설"
표제어,Day 42,plot,줄거리; 음모
표제어,Day 42,clue,"(이야기·생각의) 줄거리; 실마리, 단서; ~에 암시를 주다"
표제어,Day 42,summary,"요약, 개요"
파생어,Day 42,summarize,요약하다
파생어,Day 42,in summary,요약하면
표제어,Day 42,rhyme,"운, 압운"
표제어,Day 42,metaphor,은유
파생어,Day 42,metaphorical,"은유의, 비유적인"
표제어,Day 42,context,문맥; (사건 따위의) 정황
파생어,Day 42,contextualize,맥락과 관련짓다
표제어,Day 42,legendary,"전설적인, 아주 유명한; 전설에 나오는"
파생어,Day 42,legend,전설; 전설적 인물
표제어,Day 42,paradox,"역설, 패러독스; 모순되는 말"
파생어,Day 42,paradoxical,"역설의, 모순적인"
표제어,Day 42,aesthetic,"미(美)의, 미학의"
표제어,Day 42,pottery,도기; 도기 제조법
파생어,Day 42,potter,"도공, 도예가"
표제어,Day 42,sculpture,조각; 조각술
파생어,Day 42,sculpt,"새기다, 조각하다"
파생어,Day 42,sculptor,조각가
표제어,Day 42,mo(u)ld,(주조용의) 틀; 곰팡이; 성격; 본뜨다; (성격을) 형성하다
파생어,Day 42,molding,"틀로 만들기, 주조"
표제어,Day 42,symphony,"교향곡, 심포니"
표제어,Day 42,choir,"합창단, (교회의) 성가대"
표제어,Day 42,acid,산(酸); 산성의
파생어,Day 42,acid rain,산성비
표제어,Day 42,litter,"잡동사니, 쓰레기; 어지르다"
표제어,Day 42,consensus,"의견 일치, 합의"
표제어,Day 42,landfill,쓰레기 매립(지)
표제어,Day 42,pesticide,"살충제, 농약"
표제어,Day 42,contaminate,"더럽히다, 오염시키다"
파생어,Day 42,contamination,오염
표제어,Day 42,detergent,세제
표제어,Day 42,biomass,"생물량; 바이오매스(에너지원으로 이용되는 생물체 폐기물, 생물 자원)"
파생어,Day 42,biomass fuel,바이오매스 연료(메탄·수소로 만든 합성 연료)
표제어,Day 42,resource,자원; 원천
표제어,Day 42,intertwine,뒤얽히다; 밀접하게 관련되다
표제어,Day 42,ecosystem,생태계
표제어,Day 42,marine,"바다의, 바다에 사는"
표제어,Day 42,urban,"도시의, 도시에 사는"
파생어,Day 42,urbanization,도시화
표제어,Day 43,cheat,속이다; 사기꾼; 속이기
표제어,Day 43,criminal,"범죄자, 범인; 범죄의"
파생어,Day 43,crime,"(법률상의) 죄, 범죄"
표제어,Day 43,infringe,"(법률·협정 따위를) 어기다, 위반하다, (권리를) 침해하다"
파생어,Day 43,infringement,"위반, 침해"
표제어,Day 43,kidnap,"유괴하다, 납치하다"
표제어,Day 43,guilty,"죄를 범한, 유죄의; 죄책감이 드는"
파생어,Day 43,guilt,죄책감; 유죄
표제어,Day 43,outrage,"격노, 분노; 불법 행위, 난폭; 격분하게 하다"
파생어,Day 43,outrageous,"난폭한, 극악한"
표제어,Day 43,rebellion,"반란, 폭동"
파생어,Day 43,rebel,반역자; 반대자; 반란을 일으키다
표제어,Day 43,revenge,복수; 복수하다
파생어,Day 43,take[get] revenge,복수하다
파생어,Day 43,theft,"도둑질, 절도죄"
표제어,Day 43,sin,죄; 위반; (죄를) 짓다
표제어,Day 43,enact,"(법령을) 제정하다, 규정하다; 상연하다"
파생어,Day 43,enactment,(법의) 제정
표제어,Day 43,forbid,"~을 금지하다, 막다"
표제어,Day 43,legalize,"법률화하다, 합법화하다"
파생어,Day 43,legal,법률(상)의; 합법의
파생어,Day 43,legalization,"적법화, 법률화"
표제어,Day 43,legislate,"법률을 제정하다, 입법하다"
파생어,Day 43,legislative,"입법상의, 법률을 제정하는"
표제어,Day 43,code,법전; 규범; 암호
파생어,Day 43,codify,법전으로 편찬하다
표제어,Day 43,patent,특허(권); 특허를 받은; 특허권을 얻다
표제어,Day 43,victim,피해자
파생어,Day 43,victimize,"희생시키다, 부당하게 괴롭히다"
표제어,Day 43,jury,배심(원단)
표제어,Day 43,prosecute,"기소하다, 고소하다"
파생어,Day 43,prosecutor,"검사, 검찰관"
파생어,Day 43,prosecution,"기소, 고발"
표제어,Day 43,sue,"소송을 제기하다, 고소하다"
표제어,Day 43,attorney,변호사
표제어,Day 43,verify,입증하다
파생어,Day 43,verifiable,증명할 수 있는
표제어,Day 43,witness,목격자; 목격하다; 증언하다
표제어,Day 43,warranty,보증(서)
파생어,Day 43,under warranty,(상품이) 보증기간 중인
표제어,Day 43,lawsuit,소송
파생어,Day 43,file a lawsuit,소송을 제기하다
표제어,Day 43,innocent,"죄 없는, 결백한"
파생어,Day 43,innocence,"무죄, 결백"
표제어,Day 43,imprison,"투옥하다, 수감하다"
표제어,Day 43,jail,"교도소, 감옥; 투옥하다"
표제어,Day 43,penalty,"형벌, 벌금"
파생어,Day 43,penalize,벌하다; 벌칙을 과하다
파생어,Day 43,penal,형벌의
파생어,Day 43,death penalty,사형
표제어,Day 43,comply,"(법·명령 등에) 따르다, 준수하다"
파생어,Day 43,compliant,"고분고분한, (법률을) 준수하는"
표제어,Day 44,ailment,병
표제어,Day 44,epidemic,"유행병, 전염병; 유행성의, 전염성의"
표제어,Day 44,asthma,천식
파생어,Day 44,asthmatic,천식의; 천식 환자
표제어,Day 44,insomnia,불면증
파생어,Day 44,insomniac,불면증 환자; 불면증에 걸린
표제어,Day 44,obese,"뚱뚱한, 지나치게 살찐"
파생어,Day 44,obesity,비만
표제어,Day 44,phobia,"공포증, (병적인) 공포"
파생어,Day 44,aquaphobia,물 공포(증)
표제어,Day 44,dietary,"음식물의, 식이요법의"
표제어,Day 44,deficiency,"부족, 결핍"
파생어,Day 44,deficient,"결핍되어 있는, 불충분한"
표제어,Day 44,paralysis,마비
파생어,Day 44,paralyze,마비시키다
파생어,Day 44,paralyzed,마비된
표제어,Day 44,allergic,"알레르기의, 알레르기 체질의"
파생어,Day 44,allergy,알레르기
표제어,Day 44,sanitary,"위생의; 위생적인, 청결한"
파생어,Day 44,sanitation,"공중 위생, 위생 설비[시설]"
표제어,Day 44,diabetes,당뇨병
파생어,Day 44,diabetic,당뇨병을 앓는; 당뇨병 환자
표제어,Day 44,plague,"전염병, 돌림병"
표제어,Day 44,symptom,"증상, 증후"
파생어,Day 44,symptomatic,증상을 나타내는
표제어,Day 44,chronic,"(병이) 만성인, 고질인"
파생어,Day 44,chronically,만성적으로
표제어,Day 44,swell,"붓다, 부풀다; 증가하다; 증가, 팽창"
표제어,Day 44,fatigue,"(심신의) 피로, 피곤"
파생어,Day 44,fatigued,"지친, 피로해진"
표제어,Day 44,sneeze,재채기; 재채기하다
표제어,Day 44,vomit,구토; 구토하다
표제어,Day 44,cure,치료(법); 치료하다
표제어,Day 44,remedy,"치료(법), 의약(품)"
파생어,Day 44,remedial,(문제를) 개선하기 위한
표제어,Day 44,surgery,수술
파생어,Day 44,surgical,수술의
표제어,Day 44,tablet,알약
표제어,Day 44,heal,"고치다, 치료하다; (상처 등이) 낫다"
표제어,Day 44,scar,"상처, 흉터; 상처 자국이 남다"
표제어,Day 44,suicide,자살
파생어,Day 44,suicidal,자살 충동을 느끼는
표제어,Day 44,choke,"숨통을 끊다, 질식시키다"
표제어,Day 44,drown,"물에 빠지다, 익사하다"
표제어,Day 44,wreck,파괴; 난파; 난파시키다
표제어,Day 44,wound,"상처, 부상; (마음의) 상처, 고통; 상처를 입히다"
파생어,Day 44,wounded,다친
표제어,Day 45,chill,"추위; 추운, 한기가 도는"
파생어,Day 45,chilling,으스스한
표제어,Day 45,damp,"축축한, 습기 있는; 축축한 곳, 물기; 낙담"
파생어,Day 45,dampen,"축축하게 하다, 적시다; (남을) 풀 죽게 하다"
표제어,Day 45,hail,"우박, 싸락눈"
파생어,Day 45,hailstone,"(한 알의) 우박, 싸락눈"
표제어,Day 45,humid,"습기 찬, 습한"
파생어,Day 45,humidity,"습기, 습도"
표제어,Day 45,moist,"습한, 축축한"
파생어,Day 45,moisture,"습기, 수분"
표제어,Day 45,turbulence,폭풍 상태; 난기류; 소란
파생어,Day 45,turbulent,"격동의, 격변의; 요동치는"
표제어,Day 45,frost,"얼어붙는 추위; 서리, 서릿발"
파생어,Day 45,frosty,"서리가 내리는, 몹시 추운"
파생어,Day 45,frosted,서리가 내린
표제어,Day 45,drought,가뭄
표제어,Day 45,breeze,산들바람
표제어,Day 45,tropic,((the ~s)) 열대지방
파생어,Day 45,tropical,열대(지방)의
표제어,Day 45,disaster,"재해, 천재(天災)"
파생어,Day 45,disastrous,"처참한, 피해가 막심한"
표제어,Day 45,violent,"격렬한, 맹렬한; 폭력적인"
파생어,Day 45,violence,폭력; 격렬함
파생어,Day 45,violently,세차게; 난폭하게
표제어,Day 45,herd,"(짐승의) 떼, 무리; 떼를 짓다"
표제어,Day 45,species,(생물의) 종(種)
표제어,Day 45,mammal,"포유류, 포유동물"
표제어,Day 45,reptile,파충류
표제어,Day 45,beast,"동물, 짐승"
표제어,Day 45,cattle,소; 가축
표제어,Day 45,roar,"으르렁거리다, 울리다; 고함치다; 포효"
표제어,Day 45,hatch,"깨다, 부화하다; (배·비행기의) 출입구"
표제어,Day 45,livestock,가축(류)
표제어,Day 45,ripe,"여문, 익은"
파생어,Day 45,ripen,"익다, 숙성하다"
표제어,Day 45,bunch,"송이, 다발"
표제어,Day 45,weed,잡초; 잡초를 뽑다
표제어,Day 45,grain,"곡식알, 낟알; 곡물, 곡류"
표제어,Day 45,predator,"포식자, 포식 동물; 약탈자"
파생어,Day 45,predatory,포식성의; (자신의 이익을 위해) 남을 희생시키는
표제어,Day 45,cave,"굴, 동굴"
파생어,Day 45,cave in,"함몰되다, 무너지다"
표제어,Day 45,dawn,"새벽, 동틀 녘; 시작, 발단; 날이 새다"
표제어,Day 45,cliff,"(해안 따위의) 벼랑, 절벽"
표제어,Day 45,copper,"구리, 동"
파생어,Day 45,coppery,"구리 같은, 구릿빛의"
표제어,Day 46,courteous,"예의 바른, 공손한"
파생어,Day 46,courteously,예의 바르게
파생어,Day 46,courtesy,공손함
표제어,Day 46,deliberate,"신중한; 고의의, 계획적인"
파생어,Day 46,deliberately,신중하게; 고의로
표제어,Day 46,intimate,"친밀한, 친숙한"
파생어,Day 46,intimacy,친밀함
파생어,Day 46,intimately,친밀히
표제어,Day 46,tolerant,"관대한, 아량이 있는"
파생어,Day 46,tolerate,용인하다; 참다
파생어,Day 46,tolerance,"관대, 용인"
표제어,Day 46,masculine,남성의; 남자다운
파생어,Day 46,masculinity,남성성
표제어,Day 46,gorgeous,"매력적인, 멋진; 호화로운"
표제어,Day 46,merciless,"무자비한, 잔인한"
파생어,Day 46,mercilessly,"무자비하게, 무정하게"
표제어,Day 46,sturdy,"튼튼한, 힘센; 견고한"
파생어,Day 46,sturdily,"튼튼하게, 완강하게"
표제어,Day 46,ambitious,"대망을 품은, 야망을 가진"
파생어,Day 46,ambition,"대망, 야망"
표제어,Day 46,faithful,충실한; 신의 있는
파생어,Day 46,faith,"신뢰, 신념"
표제어,Day 46,sincere,성실한; 참된
파생어,Day 46,sincerely,진심으로
파생어,Day 46,sincerity,"성실, 정직"
표제어,Day 46,frank,"솔직한, 가식이 없는"
파생어,Day 46,frankly,"솔직히, 숨김없이"
파생어,Day 46,to be frank,솔직히 말하면
표제어,Day 46,eager,열망[갈망]하는; 열심인
파생어,Day 46,eagerly,"간절히, 열심히"
표제어,Day 46,loyal,"충성스러운, 충의가 있는"
파생어,Day 46,loyalty,"충의, 충성"
표제어,Day 46,sensible,"분별 있는, 현명한"
표제어,Day 46,mischievous,"장난이 심한, 개구쟁이의"
파생어,Day 46,mischief,"장난, 못된 짓"
표제어,Day 46,naughty,말을 듣지 않는
표제어,Day 46,wicked,사악한; 심술궂은
표제어,Day 46,nasty,"비열한; 더러운, 불쾌한"
표제어,Day 46,brutal,"야만적인; 잔혹한, 무자비한"
파생어,Day 46,brutality,"잔인성, 만행"
표제어,Day 46,fierce,"사나운, 거친; 잔인한"
파생어,Day 46,fiercely,"사납게, 맹렬하게"
표제어,Day 46,greedy,"욕심 많은, 탐욕스러운"
파생어,Day 46,greed,탐욕; 식탐
표제어,Day 46,stubborn,"완고한, 고집 센"
파생어,Day 46,stubbornly,완고하게
표제어,Day 46,arrogant,"건방진, 거만한"
파생어,Day 46,arrogance,"거만, 오만"
표제어,Day 46,clumsy,어색한; 서투른
표제어,Day 46,awkward,"다루기 힘든; 어색한; 서투른, 미숙한"
파생어,Day 46,awkwardly,어색하게
표제어,Day 46,naive,"순진한, 천진난만한"
표제어,Day 46,timid,"겁 많은, 소심한"
파생어,Day 46,timidly,소심하게
파생어,Day 46,timidity,"겁, 소심"
표제어,Day 46,peculiar,"이상한, 별난; 특이한, 독특한"
파생어,Day 46,peculiarity,특성; 특이
표제어,Day 46,indulgent,관대한
파생어,Day 46,indulge,(욕망 등에) 빠지다; 제멋대로 하게 하다
파생어,Day 46,indulgence,관대; 탐닉
표제어,Day 47,abdomen,"배, 복부"
파생어,Day 47,abdominal,"배의, 복부의"
표제어,Day 47,artery,동맥
표제어,Day 47,cell,세포
파생어,Day 47,cellular,세포의
표제어,Day 47,bone,"뼈, 골격"
표제어,Day 47,gene,유전자
파생어,Day 47,genetic,유전(학)의
표제어,Day 47,immune,"면역성의, 면역의"
파생어,Day 47,immunity,면역(성); 면제
파생어,Day 47,immunize,면역성을 주다
표제어,Day 47,kidney,"신장, 콩팥"
표제어,Day 47,limb,팔다리
표제어,Day 47,liver,"간절히, 열심히"
표제어,Day 47,wrist,손목
표제어,Day 47,beard,턱수염
표제어,Day 47,lung,"폐, 허파"
표제어,Day 47,muscle,근육
파생어,Day 47,muscular,근육의; 근육이 잘 발달된
표제어,Day 47,throat,"목구멍, 인후"
파생어,Day 47,throaty,목이 쉰 듯한
파생어,Day 47,sore throat,"인후염, 아픈 목"
표제어,Day 47,slender,"가느다란, 날씬한; 가냘픈, 연약한"
파생어,Day 47,slenderize,"가늘어지다, 날씬해지다"
표제어,Day 47,thumb,엄지손가락
파생어,Day 47,Thumbs up!,최고야!
표제어,Day 47,wrinkle,주름; 주름살 지다
파생어,Day 47,wrinkly,주름진
표제어,Day 47,mustache,콧수염
표제어,Day 47,thin,"얇은, 가느다란; 여윈, 수척한"
표제어,Day 47,thigh,"넓적다리, 허벅다리"
표제어,Day 47,joint,"관절; 공동의, 연합의"
표제어,Day 47,organism,"유기체, 생물"
표제어,Day 47,oral,입의; 구술의; 구술시험
파생어,Day 47,orally,"구두로, 입을 통해서"
표제어,Day 47,nerve,신경
파생어,Day 47,nervous,신경(성)의; 불안해하는
표제어,Day 47,slim,날씬한
표제어,Day 47,spine,"척추, 등뼈"
파생어,Day 47,spinal,척추의
표제어,Day 47,pulse,맥박
파생어,Day 47,pulsate,(심장·맥박 등이) 뛰다
표제어,Day 47,digest,소화하다[되다]
파생어,Day 47,digestion,소화
파생어,Day 47,digestive,소화의
표제어,Day 47,organ,"[생물] 기관, 장기"
파생어,Day 47,organic,"(인체) 장기[기관]의; 유기체의, 생물의"
표제어,Day 47,skeleton,"해골, 골격; 윤곽, 개략"
파생어,Day 47,skeletal,골격의; 피골이 상접한
표제어,Day 48,battlefield,"전쟁터, 싸움터"
표제어,Day 48,border,"경계, 국경; 가장자리; 접경[인접]하다"
표제어,Day 48,bombard,포격[폭격]하다
표제어,Day 48,slaughter,대학살; 대학살하다; (가축을) 도살하다
표제어,Day 48,defeat,"패배시키다, 쳐부수다; 패배"
표제어,Day 48,devastate,"황폐시키다, 철저하게 파괴하다"
파생어,Day 48,devastation,황폐 (상태)
파생어,Day 48,devastating,대단히 파괴적인
표제어,Day 48,martial,"전쟁의; 군의, 군사의"
파생어,Day 48,martial art,"무술, 무도"
표제어,Day 48,assault,"습격, 급습; 급습하다, 공격하다"
표제어,Day 48,foe,적
표제어,Day 48,salute,경례; 인사; [군사] 경례하다; 인사하다
파생어,Day 48,salutation,인사(말)
표제어,Day 48,triumph,승리(감); 승리를 차지하다
파생어,Day 48,triumphal,승리를 축하하는
파생어,Day 48,triumphant,승리를 거둔; 의기양양한
표제어,Day 48,spear,"창, 투창; 창으로 찌르다"
표제어,Day 48,shield,방패; 방어물; 보호하다
표제어,Day 48,cannon,대포
표제어,Day 48,nuclear,핵의; 핵무기의
파생어,Day 48,nucleus,(원자) 핵; 핵심
표제어,Day 48,troop,"무리, 떼; ((~s)) 군대"
표제어,Day 48,strategy,"전략, 전술; 계략, 술수"
파생어,Day 48,strategic,"전략(상)의, 전략상 중요한"
표제어,Day 48,tactics,"전술(학), 병법; 술책, 책략"
표제어,Day 48,authority,"권위, 권한; ((~s)) 당국, 관헌; 권위자, 대가"
파생어,Day 48,authoritative,권위적인
파생어,Day 48,authorize,권한을 주다
표제어,Day 48,reign,통치 기간; 통치[지배]하다; 군림하다
표제어,Day 48,embassy,대사관
표제어,Day 48,dignity,"존엄, 위엄; 엄숙함"
파생어,Day 48,with dignity,위엄 있게
파생어,Day 48,dignify,위엄[품위] 있어 보이게 하다
표제어,Day 48,federal,"연방의, 연방제의; 연방 정부의"
표제어,Day 48,govern,"(나라·기관 등을) 다스리다, 통치하다; (행동 등을) 결정하다"
파생어,Day 48,government,정부; 정치 체제
표제어,Day 48,throne,"왕좌, 왕위; 군주"
파생어,Day 48,enthrone,즉위시키다
파생어,Day 48,dethrone,퇴위시키다
표제어,Day 48,parliament,"의회, 국회"
파생어,Day 48,parliamentary,의회의
표제어,Day 48,senator,상원 의원
파생어,Day 48,senatorial,상원 의원의
표제어,Day 48,poll,투표; 여론 조사; (표를) 얻다; 여론 조사를 하다
파생어,Day 48,pollster,여론 조사 요원
표제어,Day 48,candidate,"후보자, 지원자"
표제어,Day 48,vote,투표; 투표[선거]권; 투표하다
파생어,Day 48,voter,"투표인, 유권자"
표제어,Day 49,cosmos,(질서와 조화가 있는 체계라고 생각된) 우주
파생어,Day 49,cosmic,우주의
표제어,Day 49,tide,조수(의 간만); ((the ~)) 경향
파생어,Day 49,tidal,조수의
표제어,Day 49,hemisphere,(지구·천체의) 반구
표제어,Day 49,erode,침식하다[되다]
파생어,Day 49,erosion,침식
표제어,Day 49,glacier,빙하
표제어,Day 49,landscape,"풍경, 경치"
표제어,Day 49,aquatic,물의; 물속에 사는
파생어,Day 49,aquatically,"물속에서, 물속에 살면서"
표제어,Day 49,fossil,화석
파생어,Day 49,fossilize,화석화하다[되다]
표제어,Day 49,erupt,"(화산이) 분출하다, 폭발하다"
파생어,Day 49,eruption,"폭발, 분화"
표제어,Day 49,atmosphere,{(the ~)) 대기(권); 분위기
파생어,Day 49,atmospheric,대기의; 분위기 있는
표제어,Day 49,orbit,"궤도; 선회하다, 궤도를 그리며 돌다"
파생어,Day 49,orbital,궤도의
표제어,Day 49,comet,혜성
표제어,Day 49,astronaut,우주 비행사
표제어,Day 49,galaxy,"은하(수), 은하계"
표제어,Day 49,meteorite,운석
표제어,Day 49,satellite,"위성, 인공위성"
표제어,Day 49,solar,태양의
표제어,Day 49,lunar,달의; 음력의
표제어,Day 49,evaporate,(물 등이) 증발하다[시키다]
파생어,Day 49,evaporation,증발 (작용)
표제어,Day 49,vapor,증기
파생어,Day 49,vaporize,증발시키다[하다]
표제어,Day 49,chemical,"화학의, 화학적인; 화학 제품[물질]"
표제어,Day 49,melt,"녹다, 녹이다"
표제어,Day 49,element,"요소, 성분; [화학] 원소"
파생어,Day 49,elemental,요소의; 원소의; 기본적인
표제어,Day 49,elastic,"탄력 있는, 탄성의; 고무줄"
표제어,Day 49,filter,"거르다, 여과하다[되다]; 여과기"
파생어,Day 49,filtrate,여과액
파생어,Day 49,filtration,여과 작용
표제어,Day 49,fluid,유동성의; 유동적인; 유동체(액체·기체의 총칭)
파생어,Day 49,fluidity,유동성
표제어,Day 49,friction,"[물리] 마찰; 불화, 충돌"
파생어,Day 49,frictional,"마찰의, 마찰로 일어나는"
표제어,Day 49,float,"(물 위에) 뜨다, (물 위·공중에서) 떠다니다"
표제어,Day 49,atom,원자
파생어,Day 49,atomic,"원자의, 원자력의"
표제어,Day 49,suck,"빨다; 빨아들이다, 흡수하다"
표제어,Day 50,ambassador,"대사, 사절, 특사"
파생어,Day 50,ambassadorial,대사의
표제어,Day 50,architect,"건축가, 설계자"
파생어,Day 50,architecture,건축(학)
표제어,Day 50,athlete,운동선수
파생어,Day 50,athletic,운동 경기의; 강건한
표제어,Day 50,counselor,"상담원, 조언자"
파생어,Day 50,counsel,상담; 조언; 충고[조언]하다
표제어,Day 50,pharmacist,"약사, 제약사"
파생어,Day 50,pharmacy,약국; 약학
표제어,Day 50,therapist,치료 전문가
파생어,Day 50,therapy,"요법, 치료"
표제어,Day 50,consultant,"컨설턴트, 상담자"
파생어,Day 50,consult,"(전문가에게) 상담하다, 상의하다"
표제어,Day 50,alchemist,연금술사
표제어,Day 50,chef,"요리사, 주방장"
표제어,Day 50,technician,"기술자, 전문가"
파생어,Day 50,technical,"과학 기술의, 기술적인"
표제어,Day 50,mechanic,"수리공, 기계공"
파생어,Day 50,mechanical,"기계의, 기계와 관련된; 기계적인"
표제어,Day 50,repairman,수리공
파생어,Day 50,repair,"수리[수선]하다; 수선, 수리"
표제어,Day 50,miner,"광산 노동자, 광부"
파생어,Day 50,mine,광산; 채굴하다
표제어,Day 50,zoologist,동물학자
파생어,Day 50,zoology,동물학
표제어,Day 50,astronomer,천문학자
파생어,Day 50,astronomy,천문학
파생어,Day 50,astronomical,천문(학상)의
표제어,Day 50,botanist,식물학자
파생어,Day 50,botany,식물학
표제어,Day 50,sociolinguist,사회 언어학자
파생어,Day 50,sociolinguistics,사회 언어학
표제어,Day 50,sociologist,사회학자
파생어,Day 50,sociology,사회학
표제어,Day 50,scholar,학자
표제어,Day 50,chemist,화학자
표제어,Day 50,diploma,"졸업 증서, 졸업장"
표제어,Day 50,anatomy,해부; 해부학
표제어,Day 50,biotechnology,생물[생명] 공학
표제어,Day 50,hygiene,위생; 위생학
파생어,Day 50,hygienic,위생적인
표제어,Day 50,anthropology,인류학
파생어,Day 50,anthropologist,인류학자
표제어,Day 50,archaeology,고고학
파생어,Day 50,archaeologist,고고학자
파생어,Day 50,archaeological,고고학의
표제어,Day 50,ethics,윤리학; 윤리
파생어,Day 50,ethical,"도덕상의, 윤리상의"
표제어,Day 50,hypnosis,"최면, 최면술"
표제어,Day 50,linguistics,언어학
파생어,Day 50,linguistic,"말의, 언어의"
파생어,Day 50,linguist,언어학자
표제어,Day 50,mythology,신화; 신화학
파생어,Day 50,myth,신화
파생어,Day 50,mythological,신화의
표제어,Day 51,blink,깜빡거리다; 깜빡거림
표제어,Day 51,crawl,기어가다; 서행하다; 서행
표제어,Day 51,creep,기다; 살금살금 걷다
표제어,Day 51,roam,"걸어 다니다, 거닐다"
표제어,Day 51,grab,"붙잡다, 움켜잡다; 낚아채다"
표제어,Day 51,swallow,삼키다; 삼키기; 제비
표제어,Day 51,lean,기대다; 몸을 구부리다; 지방이 적은; 여윈
표제어,Day 51,leap,"껑충 뛰다, 뛰어넘다; 뜀, 도약"
표제어,Day 51,grip,"꽉 잡음; 꽉 잡다, 움켜잡다"
표제어,Day 51,shrug,어깨를 으쓱하다; 어깨를 으쓱하기
표제어,Day 51,sip,"찔끔찔끔 마시다, 조금씩 음미하며 마시다; 한 모금"
파생어,Day 51,take a sip,한 모금 마시다
표제어,Day 51,breathe,"숨 쉬다, 호흡하다"
파생어,Day 51,breath,"숨, 호흡"
표제어,Day 51,grasp,"붙잡다, 움켜잡다; 파악하다; 움켜잡기; 이해(력)"
표제어,Day 51,tickle,간지럽게 하다; 간지럼
파생어,Day 51,ticklish,간지럼을 잘 타는
표제어,Day 51,chase,"뒤쫓다, 추격하다; 추격"
표제어,Day 51,squeeze,"압착하다, 짜다"
표제어,Day 51,nod,(고개를) 끄덕이다; 끄덕임
표제어,Day 51,graze,스치다; (피부 등이) 까지다; (가축이) 풀을 뜯어먹다
표제어,Day 51,whisper,속삭이다; 속삭임
표제어,Day 51,glance,"흘끗 보다, 대충 훑어보다; 흘끗 봄"
파생어,Day 51,at a glance,"한눈에, 즉시"
표제어,Day 51,glare,노려보다; 번쩍번쩍 빛나다; 노려봄; 눈부신 빛
표제어,Day 51,sniff,"코를 킁킁거리다, 냄새를 맡다; 킁킁거리며 냄새 맡음"
표제어,Day 51,glimpse,흘끗 봄; 흘끗 보다
표제어,Day 51,stare,"응시하다, 빤히 보다"
표제어,Day 51,sob,"흐느껴 울다, 흐느끼다"
표제어,Day 51,yawn,하품; 하품하다
표제어,Day 51,sigh,한숨; 한숨 쉬다
표제어,Day 51,yell,"소리 지르다, 외쳐 말하다"
표제어,Day 51,grin,방긋 웃다; 밝은 웃음
표제어,Day 51,shudder,"(공포·추위로) 떨다, 몸서리치다; 떨림"
표제어,Day 52,brief,잠깐의; 간결한; (요점만 정리된) 요약서
파생어,Day 52,briefly,간단히; 잠시
파생어,Day 52,in brief,간단히 말해서
표제어,Day 52,prompt,"신속한, 재빠른; 자극하다"
파생어,Day 52,promptly,즉시
표제어,Day 52,rapid,"빠른, 신속한"
파생어,Day 52,rapidly,"빨리, 급속히"
표제어,Day 52,swift,"신속한, 재빠른"
파생어,Day 52,swiftly,"신속히, 빨리"
표제어,Day 52,simultaneous,"동시에 일어나는, 동시의"
파생어,Day 52,simultaneously,동시에
표제어,Day 52,punctual,"시간을 잘 지키는, 시간을 엄수하는"
파생어,Day 52,punctuality,시간 엄수
파생어,Day 52,punctually,시간을 엄수하여
표제어,Day 52,durable,"내구력이 있는, 튼튼한; 영속성 있는"
표제어,Day 52,eternal,영원한
파생어,Day 52,eternity,"영원, 영구"
파생어,Day 52,eternally,영원히
표제어,Day 52,outdated,"구식의, 시대에 뒤진"
표제어,Day 52,ultimate,"최후의, 최종의; 궁극의"
파생어,Day 52,ultimately,"궁극적으로, 마침내"
표제어,Day 52,approximate,가까운; 대략의; (~에) 가깝다
파생어,Day 52,approximation,"접근, 근사"
파생어,Day 52,approximately,"대략, 거의"
표제어,Day 52,barely,간신히; 거의 ~ 않다
파생어,Day 52,bare,발가벗은; 텅 빈; 가까스로의
표제어,Day 52,fluent,"유창한, 유창하게 말하는"
파생어,Day 52,fluency,유창성
표제어,Day 52,essential,"본질적인; 가장 중요한, 필수의; 기본적인 요소"
파생어,Day 52,essentially,본질적으로
파생어,Day 52,essence,본질
표제어,Day 52,extreme,"극도의; 과격한; 극단, 극도"
파생어,Day 52,extremely,"극도로, 극히"
표제어,Day 52,bulky,"부피가 큰, 거대한"
파생어,Day 52,bulkiness,거대함
표제어,Day 52,rough,"대강의, 대충의; 거친, 험한; 힘든"
파생어,Day 52,roughly,대략; 거칠게
표제어,Day 52,enormous,"거대한, 엄청난"
파생어,Day 52,enormously,"대단히, 엄청나게"
표제어,Day 52,indeed,"[강조] 실로, 참으로; [동감을 나타내며] 정말"
표제어,Day 52,meantime,"((the ~)) 그동안; 그동안에, 그사이에"
파생어,Day 52,for the meantime,"우선은, 당분간은"
표제어,Day 52,severe,"엄한, 엄격한; 심한, 맹렬한"
파생어,Day 52,severely,"엄격하게, 심하게"
표제어,Day 52,overall,"전부의, 총체적인; 전반적으로"
표제어,Day 52,gigantic,거대한
표제어,Day 52,substantial,상당한
파생어,Day 52,substantially,"상당히, 많이"
표제어,Day 52,vast,"거대한, 막대한"
파생어,Day 52,vastly,"대단히, 엄청나게"
표제어,Day 52,maximum,"최대치, 최대량; 최대의, 최고의"
파생어,Day 52,maximize,최대[극대]화하다
파생어,Day 52,maximal,"최고의, 최대한의"
표제어,Day 52,seldom,"드물게, 좀처럼 ~ 않는"
표제어,Day 52,scarce,"부족한, 드문"
파생어,Day 52,scarcely,"거의 ~ 않다, 겨우"
파생어,Day 52,scarcity,"부족, 결핍"
표제어,Day 52,initial,"처음의, 초기의; 이름의 첫 글자"
파생어,Day 52,initially,처음에
표제어,Day 52,rare,"드문, 진기한"
파생어,Day 52,rarely,"드물게, 좀처럼 ~ 않는"
표제어,Day 53,back up,~을 지원하다
표제어,Day 53,stand up for,"~을 옹호하다, 지지하다"
표제어,Day 53,look up to,~을 존경하다
표제어,Day 53,pile up,~을 쌓다; 축적하다
표제어,Day 53,stay up,자지 않고 일어나 있다
표제어,Day 53,pick up,~을 집어 올리다; 도중에 태우다
표제어,Day 53,set up,"시작하다, 창설하다; ~을 건립하다, 세우다"
표제어,Day 53,bring up,"~을 기르다, 양육하다; 제기하다"
표제어,Day 53,throw up,토하다
표제어,Day 53,hang up,"~을 걸다, 매달다; 전화를 끊다"
표제어,Day 53,be up to,~에게 달렸다
표제어,Day 53,catch up with,따라잡다; 만회하다
표제어,Day 53,come up with,"~이 생각나다, 창안하다"
표제어,Day 53,turn up,(모습이) 나타나다; 도착하다
표제어,Day 53,come up to,~에 도달하다
표제어,Day 53,hold up,"지연시키다; 정지하다, 서다"
표제어,Day 53,end up,결국 ~하게 되다
표제어,Day 53,keep up with,뒤떨어지지 않다
표제어,Day 53,live up to,어울리는 생활을 하다; (기대 등에) 부응하다
표제어,Day 53,break up,갈라서다; 박살을 내다
표제어,Day 53,pull up,"서다, 멈추다"
표제어,Day 53,put up with,"참다, 견디다"
표제어,Day 53,blow up,"폭발하다, 터지다"
표제어,Day 53,cover up,"숨기다, 은폐하다"
표제어,Day 53,take up,(습관·흥미로) ~을 시작하다
표제어,Day 53,warm up,준비운동을 하다
표제어,Day 53,look up,"~을 찾다, 조사하다"
표제어,Day 53,sum up,요약하다
표제어,Day 53,use up,"~을 다 써버리다, 소모하다"
표제어,Day 53,make up for,"만회하다, 보충하다"
표제어,Day 54,bring down,"~을 내리다, 인하하다; 떨어뜨리다"
표제어,Day 54,come down to,결국 ~이 되다; ~에 이르다
표제어,Day 54,cut down,"~을 베어 넘어뜨리다, 벌목하다"
표제어,Day 54,fall down,넘어지다; 떨어지다
표제어,Day 54,go down,"감소하다, 떨어지다"
표제어,Day 54,get down,~에서 내리다
표제어,Day 54,hand down,"~을 전하다, (후세에) 물려주다"
표제어,Day 54,knock down,~을 때려눕히다
표제어,Day 54,take down,"(위치를) 내리다, 낮추다; 받아적다"
표제어,Day 54,boil down,요약하다; (물·찌개 등을) 졸이다
표제어,Day 54,break down,고장 나다
표제어,Day 54,calm down,"가라앉다, 진정하다"
표제어,Day 54,come down with,(~의 병에) 걸리다
표제어,Day 54,mark down,값을 내리다
표제어,Day 54,hold down,"~을 억누르다, 억제하다"
표제어,Day 54,look down on,"~을 깔보다, 얕보다"
표제어,Day 54,put down,"~을 진압하다, 억누르다; 적어두다"
표제어,Day 54,settle down,"정착하다; 진정하다, 안정되다"
표제어,Day 54,tear down,"~을 부수다, 철거하다"
표제어,Day 54,turn down,~을 거절하다
표제어,Day 54,shut down,"폐쇄하다, 문을 닫다"
표제어,Day 54,get through,"통과하다; 해내다, ~을 끝내다"
표제어,Day 54,come through,"성공하다, 해내다; 살아남다"
표제어,Day 54,break through,"~을 뚫고 지나가다, 돌파하다"
표제어,Day 54,go through,"겪다, 경험하다; 견디다"
표제어,Day 54,look through,샅샅이 뒤지다
표제어,Day 54,be through,"끝내다, 완료하다"
표제어,Day 54,carry through,"~을 완수하다, 수행하다"
표제어,Day 54,go through with,"~을 끝까지 해내다, 완성하다"
표제어,Day 54,put through,(시험·시련 등을) 받게 하다; ~을 성사시키다
표제어,Day 55,take on,~을 떠맡다; ~을 고용하다
표제어,Day 55,try on,~을 입어보다
표제어,Day 55,carry on,~을 계속하다
표제어,Day 55,hang on,"~에 매달리다, 걸다; 기다리다"
표제어,Day 55,hold on to,"~을 고수하다, 집착하다; ~을 꽉 붙잡다"
표제어,Day 55,go on,계속하다; (일이) 일어나다
표제어,Day 55,act on,"~에 작용하다, 영향을 주다"
표제어,Day 55,base on,~을 근거로 하다
표제어,Day 55,build on,~을 기반으로 하다; (~에) 증축하다
표제어,Day 55,count on,"기대다, 의존하다"
표제어,Day 55,depend on,~에 달렸다; 의존하다
표제어,Day 55,dwell on,"~을 깊이 생각하다, 되풀이해서 생각하다"
표제어,Day 55,let on,(비밀 등을) 누설하다
표제어,Day 55,work on,"~에 효과가 있다, 작용하다"
표제어,Day 55,break off,(~와의) 관계를 단절하다; (협상 등이) 결렬되다
표제어,Day 55,cut off,~을 끊다; (말을) 가로막다
표제어,Day 55,drop off,~을 도중에 차에서 내려놓다; 줄다
표제어,Day 55,call off,"~을 취소하다, 철회하다"
표제어,Day 55,give off,"(냄새를) 풍기다, ~을 발[발산]하다"
표제어,Day 55,keep off,"떼어놓다, 가까이 못 오게 하다; 막다"
표제어,Day 55,lay off,~을 해고하다
표제어,Day 55,put off,"~을 연기하다, 늦추다"
표제어,Day 55,see off,배웅하다
표제어,Day 55,set off,출발하다; ~을 폭발시키다
표제어,Day 55,take off,~을 벗다; 이륙하다
표제어,Day 55,turn off,잠그다; 끄다
표제어,Day 55,carry off,~을 훌륭히 해내다
표제어,Day 55,pay off,전액을 지불하다; 대가를 얻다
표제어,Day 55,show off,~을 과시하다
표제어,Day 55,ease off,"누그러지다, 완화되다"
표제어,Day 56,cut in,"끼어들다, 간섭하다"
표제어,Day 56,kick in,효과가 나타나기 시작하다
표제어,Day 56,fit in,"어울리다, 조화하다"
표제어,Day 56,get in,(안에) 들어가다; (차에) 타다
표제어,Day 56,look in,(특히 아프거나 도움이 필요한 사람의 집에) 들르다
표제어,Day 56,fill in,~에 적어 넣다
표제어,Day 56,give in,(~에게) 항복하다; (마지못해) 동의하다[받아들이다]
표제어,Day 56,step in,"끼어들다, 간섭하다"
표제어,Day 56,take in,"섭취하다, 흡수하다"
표제어,Day 56,drop in,(잠시) 들르다
표제어,Day 56,hand in,~을 제출하다
표제어,Day 56,put in for,~을 신청하다; 요청하다
표제어,Day 56,turn in,"~을 건네다, 제출하다"
표제어,Day 56,come in,도착하다
표제어,Day 56,believe in,~의 존재를 믿다
표제어,Day 56,get into,~에 들어가다; 입학 허가를 받다
표제어,Day 56,go into,"~을 조사하다, 연구하다"
표제어,Day 56,bump into,~와 부딪치다; ~와 우연히 만나다
표제어,Day 56,burst into,갑자기 ~하기 시작하다
표제어,Day 56,be into,"~에 열중하다, ~에 푹 빠져 있다"
표제어,Day 56,break into,~에 침입하다
표제어,Day 56,look into,~을 조사하다
표제어,Day 56,run into,우연히 만나다
표제어,Day 56,talk A into B,A를 설득하여 B를 시키다
표제어,Day 56,come by,"~에 들르다; ~을 얻다, 입수하다"
표제어,Day 56,stand by,대기[준비]하다; 곁에 있다
표제어,Day 56,pass by,"~을 그냥 지나치다, 모른 체하고 지나가다"
표제어,Day 56,get by,그럭저럭 살아[해]나가다
표제어,Day 56,stop by,(잠시) 들르다
표제어,Day 56,drop by,(잠시) 들르다
표제어,Day 57,break out,"(전쟁·화재 등이) 일어나다, 발생하다"
표제어,Day 57,carry out,"실행하다, 이행하다"
표제어,Day 57,check out,(호텔에서) 체크아웃하다; 검사하다
표제어,Day 57,come out,"발간되다; 알려지다, 드러나다"
표제어,Day 57,figure out,이해하다; 계산하다
표제어,Day 57,make out,작성하다; 이해하다
표제어,Day 57,give out,"~을 배포하다; (소리·빛을) 내다, 발산하다"
표제어,Day 57,grow out of,~에서 생겨나다; ~이 작아지다
표제어,Day 57,hand out,"~을 나누어주다, 배포하다"
표제어,Day 57,keep out,~을 안에 들이지 않다
표제어,Day 57,lay out,"설계하다; 펼치다, 진열하다"
표제어,Day 57,leak out,(비밀·정보 등이) 누설되다; (불빛·말소리 등이) 새다
표제어,Day 57,get out of,"~에서 나오다, 벗어나다"
표제어,Day 57,point out,"~을 가리키다, 지적하다"
표제어,Day 57,set out,"출발하다, 길을 떠나다; 배열하다"
표제어,Day 57,call out,"소리치다, 소리쳐 부르다"
표제어,Day 57,cry out,크게 소리치다; 강력히 항의[반대]하다
표제어,Day 57,burn out,타버리다; 기진맥진하게 하다
표제어,Day 57,cut out,"잘라내다, 제거하다"
표제어,Day 57,fill out,~에 기입하다
표제어,Day 57,map out,"계획하다, 구상하다"
표제어,Day 57,be sold out,매진되다
표제어,Day 57,root out,"~을 뿌리 뽑다, 근절하다"
표제어,Day 57,run out of,"~을 다 써버리다, ~을 바닥내다"
표제어,Day 57,drop out,"빠지다, 손을 떼다; 중퇴하다"
표제어,Day 57,fade out,"사라지다, 희미해지다"
표제어,Day 57,leave out,"~을 빼다, 제외하다"
표제어,Day 57,put out,~을 끄다
표제어,Day 57,rule out,"~을 제외하다, 배제하다"
표제어,Day 57,count out,세어보다; ~을 제외하다
표제어,Day 58,sort out,"가려내다, 선별하다"
표제어,Day 58,stand out,눈에 띄다
표제어,Day 58,take out,"꺼내다, 끄집어내다"
표제어,Day 58,speak out,"이야기하다, 분명하게 말하다"
표제어,Day 58,stick out,튀어나오다; 두드러지다
표제어,Day 58,turn out,"판명되다, 결국 ~임이 드러나다; 끄다"
표제어,Day 58,work out,운동하다; (문제를) 풀다
표제어,Day 58,pass out,"의식을 잃다, 기절하다; 배포하다"
표제어,Day 58,spell out,상세히 설명하다
표제어,Day 58,try out,"써보게 하다, 시험하다"
표제어,Day 58,wear out,"~을 써서 낡게 하다, 닳다; 지치게 하다"
표제어,Day 58,care for,돌보다; 좋아하다
표제어,Day 58,go for,"적용되다, ~으로 통하다"
표제어,Day 58,pay for,"~의 대가를 지불하다, 물어주다"
표제어,Day 58,apply for,신청하다; 지원하다
표제어,Day 58,sign up for,~을 신청하다
표제어,Day 58,be for,찬성하다; 지지하다
표제어,Day 58,ask for,"요구하다, 요청하다"
표제어,Day 58,call for,"요구하다, 청하다"
표제어,Day 58,pray for,간절히 바라다
표제어,Day 58,long for,갈망하다; 그리워하다
표제어,Day 58,head for,~로 향해 가다
표제어,Day 58,make for,~로 향해 가다
표제어,Day 58,reach for,손을 뻗다
표제어,Day 58,run for,출마하다
표제어,Day 58,take for,~이라고 (잘못) 생각하다
표제어,Day 58,act for,~의 대리[대행]를 하다
표제어,Day 58,speak for,~을 대변하다
표제어,Day 58,stand for,"상징하다, 의미하다"
표제어,Day 58,substitute for,~을 대신[대리]하다
표제어,Day 59,bring over,"가지고 오다, 데리고 오다"
표제어,Day 59,pull over,차를 (길) 한쪽에 대다
표제어,Day 59,take over,"인계받다, 일을 넘겨받다"
표제어,Day 59,pass over,무시하다
표제어,Day 59,move over,(자리를 만들려고) 자리를 옮기다
표제어,Day 59,hand over,"건네주다, 넘겨주다"
표제어,Day 59,get over,"극복하다; 낫다, 회복하다"
표제어,Day 59,run over,(차가) 치다
표제어,Day 59,come over,"오다, 찾아오다; 엄습하다"
표제어,Day 59,kick over,(~을) 차서 뒤엎다
표제어,Day 59,fall over,"넘어지다, ~에 걸려 넘어지다"
표제어,Day 59,turn over,넘겨주다; 뒤집다
표제어,Day 59,do over,다시 하다; 다시 꾸미다
표제어,Day 59,go over,"잘 살펴보다, 검사하다"
표제어,Day 59,check over,"점검하다, 검사하다"
표제어,Day 59,cry over,~에 대해 한탄하다
표제어,Day 59,look over,대강 훑어보다
표제어,Day 59,read over,"~을 끝까지 읽다, 통독하다"
표제어,Day 59,think over,~을 숙고하다
표제어,Day 59,hold over,연기하다
표제어,Day 59,spread over,퍼지다
표제어,Day 59,stay over,"하룻밤 머물다, 외박하다"
표제어,Day 59,argue over,"왈가왈부하다, 논쟁하다"
표제어,Day 59,chew over,~을 심사숙고하다
표제어,Day 59,talk over,~에 관해 상의하다
표제어,Day 59,go after,뒤쫓다
표제어,Day 59,name A after B,B의 이름을 따서 A의 이름을 짓다
표제어,Day 59,run after,뒤쫓다
표제어,Day 59,take after,닮다
표제어,Day 59,look after,"~을 돌보다, 보살펴 주다"
표제어,Day 60,carry away,"도취시키다, 넋을 잃게 하다"
표제어,Day 60,come away,"벗겨지다, 떨어져 나가다; 떠나다, 멀어지다"
표제어,Day 60,go away,"떠나다, 가버리다"
표제어,Day 60,get away,"도망치다, 탈출하다"
표제어,Day 60,keep away,"멀리하다, 피하다"
표제어,Day 60,put away,~을 치우다
표제어,Day 60,run away,도망치다
표제어,Day 60,send away,"~을 추방하다, 내쫓다"
표제어,Day 60,stay away,"떨어져 있다, 멀리하다"
표제어,Day 60,take away,가져가다; (식탁을) 치우다
표제어,Day 60,turn away,내쫓다
표제어,Day 60,cut away,"(필요 없는 부분을) 베어내다, 잘라내다"
표제어,Day 60,wear away,"닳아 없애다, 마멸시키다"
표제어,Day 60,fade away,"사라지다, 사라져 버리다"
표제어,Day 60,give away,거저 주다; (비밀을) 누설하다
표제어,Day 60,pass away,죽다
표제어,Day 60,throw away,버리다; 낭비하다
표제어,Day 60,wash away,"씻겨 내려가다, 흘러 떠내려가게 하다"
표제어,Day 60,die away,"잠잠해지다, 점차 희미해지다"
표제어,Day 60,bring about,"불러일으키다, 초래하다"
표제어,Day 60,come about,"일어나다, 발생하다"
표제어,Day 60,go about,돌아다니다; 착수하다
표제어,Day 60,hear about,~에 관해 알게 되다
표제어,Day 60,set about,착수하다
표제어,Day 60,rob A of B,A로부터 B를 빼앗다
표제어,Day 60,deprive A of B,A로부터 B를 빼앗다
표제어,Day 60,ease A of B,A로부터 B를 덜어주다
표제어,Day 60,accuse A of B,A를 B의 혐의로 고소[비난]하다
표제어,Day 60,approve of,"동의하다, 승인하다"
표제어,Day 60,remind A of B,"A에게 B를 생각나게 하다, 상기시키다"
표제어,Day 61,appeal to,"간청하다, 호소하다; 흥미를 끌다"
표제어,Day 61,attend to,~에 주의를 기울이다; ~을 돌보다
표제어,Day 61,come to,"(머리·마음 속에) 떠오르다, 생각나다"
표제어,Day 61,get to,~에 도착하다; ~하기 시작하다
표제어,Day 61,lead to,"(어떤 결과에) 이르다, 초래하다"
표제어,Day 61,look to,~을 기대하다
표제어,Day 61,occur to,(감정·생각 등이) 떠오르다
표제어,Day 61,turn to,"~에 의지하다, 의탁하다"
표제어,Day 61,hold to,"붙들다, 고수하다"
표제어,Day 61,adhere to,고수[고집]하다; 들러붙다
표제어,Day 61,keep to,"지키다, 따르다; 이탈하지 않다"
표제어,Day 61,stick to,고수하다; 계속하다
표제어,Day 61,amount to,총계가 ~이다
표제어,Day 61,prefer A to B,B보다 A를 더 좋아하다
표제어,Day 61,see to,"~을 처리하다, ~을 맡아 하다"
표제어,Day 61,come across,"(우연히) 마주치다, 발견하다"
표제어,Day 61,cut across,"(가운데로) 지나가다, 가로질러 가다"
표제어,Day 61,run across,"(우연히) 만나다, 찾아내다"
표제어,Day 61,get across,이해시키다
표제어,Day 61,put across,이해시키다
표제어,Day 61,do away with,"~을 없애다, 끝내다"
표제어,Day 61,go with,"~와 어울리다; ~에 부수되다, 부속되다"
표제어,Day 61,come with,~을 수반하다
표제어,Day 61,get away with,(잘못된 행동을) 벌 받지 않고 해내다; 대충 넘어가다
표제어,Day 61,dispense with,생략하다; ~없이 지내다
표제어,Day 61,plead with,~에게 간청[애원]하다
표제어,Day 61,rest with,(선택·결정이) ~에 달렸다
표제어,Day 61,break with,(전통·생각 따위를) 버리다; 결별하다
표제어,Day 61,charge A with B,A를 B로 고소[비난]하다
표제어,Day 61,do without,~없이 지내다[견디다]
표제어,Day 62,compare A to B,A를 B에 비유하다
표제어,Day 62,compare A with B,A와 B를 비교하다
표제어,Day 62,be familiar with,"(사물에) 정통하다, 잘 알고 있다"
표제어,Day 62,be familiar to,"(사람에게) 익숙하다, 잘 알려져 있다"
표제어,Day 62,be possessed by,(감정에) 사로잡히다; (귀신 등에) 홀리다
표제어,Day 62,be possessed of,(재능을) 갖추다; (성품을) 지니다
파생어,Day 62,be in possession of,(사람이) ~을 소유하고 있다; (사물이) ~의 소유가 되다
표제어,Day 62,be concerned about,~을 걱정하다
표제어,Day 62,be concerned with,~와 관계가 있다
표제어,Day 62,deal in,"(상품 등을) 취급하다, 팔다; ~에 종사하다"
표제어,Day 62,deal with,"~을 처리하다, 대응하다; 거래하다"
표제어,Day 62,succeed in,~에 성공하다
파생어,Day 62,success,성공
파생어,Day 62,successful,성공적인
표제어,Day 62,succeed to,"~을 물려받다, 계승하다"
파생어,Day 62,succession,연속; 계승
파생어,Day 62,successive,연속하는
표제어,Day 62,may well,(~하는 것도) 당연하다
표제어,Day 62,may as well,~하는 게 좋다
표제어,Day 62,subject to,<부사적> ~을 조건[전제]으로 하여
표제어,Day 62,be subject to,~하기 쉽다
표제어,Day 62,in charge (of),"(~을) 맡고 있는, 담당의"
표제어,Day 62,on charges of,~의 혐의로
표제어,Day 62,take place,"개최되다, 일어나다"
표제어,Day 62,take the place of,~을 대신하다
표제어,Day 62,wait for,~을 기다리다
표제어,Day 62,wait on,시중을 들다
표제어,Day 62,interfere in,~을 간섭하다
표제어,Day 62,interfere with,~을 방해하다
표제어,Day 62,result in,"~로 끝나다, 초래하다"
표제어,Day 62,result from,"~에서 기인하다, 비롯되다"
표제어,Day 62,provide for,(생계를) 부양하다; 대비하다
표제어,Day 62,provide A with B,A에게 B를 제공하다
표제어,Day 62,consist of,"~으로 구성되다, 이루어져 있다"
표제어,Day 62,consist in,"~에 있다, 존재하다"
표제어,Day 63,vulnerable,"상처받기 쉬운; 취약한, 저항력이 없는"
파생어,Day 63,invulnerable,손상되지 않는
파생어,Day 63,vulnerability,상처를 받기 쉬움
표제어,Day 63,equate,동등하다고 생각하다
파생어,Day 63,equation,"방정식, 등식; 동일시"
표제어,Day 63,deteriorate,악화되다
파생어,Day 63,deterioration,"악화, 저하"
표제어,Day 63,abbreviation,"생략, 단축; 약어, 약자"
파생어,Day 63,abbreviate,(어구를) 단축[생략]하다
표제어,Day 63,incur,초래하다; (빚 등을) 지다
표제어,Day 63,bureaucracy,"관료 제도, 관료 정치; 관료주의"
표제어,Day 63,bureaucrat,관료
표제어,Day 63,amplify,증폭시키다
파생어,Day 63,ample,충분한
표제어,Day 63,mount,(조직하여) 시작하다; 올라가다; 증가하다; 산 ((M~))
표제어,Day 63,static,정적인; 잡음; 정전기
표제어,Day 63,alleviate,"완화시키다, 경감하다"
표제어,Day 63,ambiguity,"모호함, 불명료"
파생어,Day 63,ambiguous,"두 가지 이상의 뜻이 있는, (의미가) 애매한"
표제어,Day 63,reservoir,"저수지, 저장소"
표제어,Day 63,biannual,"한 해 두 번의, 반년마다의"
표제어,Day 63,cherish,"소중히 하다, 자상히 돌보다"
표제어,Day 63,soluble,"녹는, 용해할 수 있는; 해결할 수 있는"
표제어,Day 63,catastrophic,"대이변의, 큰 재앙의, 비극적인"
파생어,Day 63,catastrophe,대참사[재해]
표제어,Day 63,browse,띄엄띄엄 읽다; 방목하다; 검색하다
파생어,Day 63,browser,[컴퓨터] 브라우저; 구경만 하는 손님
표제어,Day 63,abhorrent,"몹시 싫은, 딱 질색인"
파생어,Day 63,abhor,"혐오하다, 몹시 싫어하다"
파생어,Day 63,abhorrence,"혐오, 질색"
표제어,Day 63,textile,직물
표제어,Day 63,recess,"휴식, 휴업, 휴지(休止)"
파생어,Day 63,recession,"불경기, 불황"
표제어,Day 63,lure,"유혹하다, 유인하다; 유혹물, 매력"
표제어,Day 63,metabolism,신진대사
파생어,Day 63,metabolize,신진대사 시키다
표제어,Day 63,refrain,"억제하다, 삼가다"
파생어,Day 63,refrain from v-ing,"~하는 것을 삼가다, 자제하다"
표제어,Day 63,penetrate,"관통하다, 꿰뚫다, 투과하다"
파생어,Day 63,penetrating,"꿰뚫는, 관통하는"
파생어,Day 63,penetration,관통
표제어,Day 63,intrigue,호기심을 자극하다; 음모를 꾸미다; 음모
표제어,Day 64,nuisance,귀찮은 것[사람]
표제어,Day 64,anonymous,익명의; 작자 불명의
파생어,Day 64,anonymously,익명으로
파생어,Day 64,anonymity,익명(성)
표제어,Day 64,nurture,양육하다; 양성하다; 교육
파생어,Day 64,nurturer,양육하는 사람
표제어,Day 64,sermon,설교
파생어,Day 64,sermonize,"설교하다, 잔소리하다"
파생어,Day 64,give[deliver] a sermon,설교하다
표제어,Day 64,chore,"허드렛일, 잡일"
표제어,Day 64,peasant,소작농
표제어,Day 64,clash,"충돌, 대립; 충돌하다, 대립하다"
표제어,Day 64,linear,"(직)선의, 선 모양의; 길이와 관계하는"
표제어,Day 64,sweep,"청소하다, 쓸다; 몰아가다"
표제어,Day 64,coherent,"일관성 있는, 논리적인"
파생어,Day 64,coherence,일관성
표제어,Day 64,crude,"천연 그대로의, 가공하지 않은; 조잡한"
표제어,Day 64,insane,"미친, 정신 이상의"
표제어,Day 64,spontaneous,자발적인; 즉흥적인
파생어,Day 64,spontaneity,자발성; 자연 발생
파생어,Day 64,spontaneously,자발적으로; 즉흥적으로
표제어,Day 64,sphere,"구(체); 범위, 분야, 영역"
표제어,Day 64,hierarchy,"계급제(도), 계층제, 서열"
파생어,Day 64,hierarchical,계층제(계급제)의
표제어,Day 64,perpetually,"영원히, 불후하게"
파생어,Day 64,perpetual,"영원한, 끊임없는"
파생어,Day 64,perpetuity,"영속, 영존(永存)"
표제어,Day 64,endorse,"지지하다; 기입하다, 서명하다"
파생어,Day 64,endorsement,지지; 보증
표제어,Day 64,swap,"교환하다, 바꾸다; 교환(품)"
표제어,Day 64,maze,"미궁, 미로; 혼란"
표제어,Day 64,artifact,(문화) 유물
표제어,Day 64,ferment,"발효시키다; 불안, 정치적 동요"
파생어,Day 64,fermentation,발효 (작용)
표제어,Day 64,stitch,"한 바늘, 한 땀; 꿰매어 깁다"
표제어,Day 64,forge,구축하다; 위조하다
표제어,Day 64,formulate,고안하다; 명확히 나타내다
파생어,Day 64,formulation,공식화; 명확한 표현
파생어,Day 64,formula,방식; 공식
표제어,Day 64,grotesque,그로테스크 풍의; 기괴한; 기괴한 것
표제어,Day 65,furnish,"(가구를) 비치하다; 제공하다, 공급하다"
파생어,Day 65,furnished,가구가 비치된
표제어,Day 65,scorn,"경멸하다, 비웃다; 경멸, 모욕"
표제어,Day 65,renovate,"수리하다, 새것으로 만들다"
파생어,Day 65,renovation,수리
표제어,Day 65,infrastructure,기반 시설
파생어,Day 65,build infrastructure,기반 시설을 구축하다
표제어,Day 65,notorious,악명 높은
파생어,Day 65,notoriously,악명 높게
표제어,Day 65,diffuse,발산하다; 보급하다[보급되다]
파생어,Day 65,diffusion,"발산, 보급"
표제어,Day 65,rite,"의식, 의례"
파생어,Day 65,ritual,의식; 의식의
표제어,Day 65,replicate,"복제하다, 모사하다; 자기 복제를 하다"
표제어,Day 65,lateral,"측면의, 옆의, 옆을 향한"
표제어,Day 65,cling,달라붙다; 고집하다
표제어,Day 65,discrete,"분리된, 별개의"
표제어,Day 65,depict,"그리다, 묘사하다"
파생어,Day 65,depiction,"묘사, 서술"
파생어,Day 65,depictive,"묘사적인, 서술적인"
표제어,Day 65,molecular,분자의
파생어,Day 65,molecule,분자
표제어,Day 65,optical,광학의
파생어,Day 65,optic,눈의
표제어,Day 65,paddle,노; 노를 저어 나아가다
표제어,Day 65,magnetic,"자석의, 자성을 띤"
파생어,Day 65,magnet,자석
파생어,Day 65,magnetize,자기를 띠게 하다
표제어,Day 65,endow,"(돈 등을) 기부하다; (재능·권리 등을) 주다, 부여하다"
파생어,Day 65,endow A with B,A에게 B(자질 등)가 있다고 생각하다
표제어,Day 65,ornament,장식품; 장식; 장식하다
파생어,Day 65,ornamental,"장식용의, 장식적인"
표제어,Day 65,preach,"전도하다, 설교하다"
파생어,Day 65,preacher,"전도사, 설교자, 목사"
표제어,Day 65,allocate,"할당하다, 배분하다"
파생어,Day 65,allocate A to B,B에게 A를 할당하다
표제어,Day 65,allot,"할당하다, 분배하다"
파생어,Day 65,allotment,"할당, 분배"
표제어,Day 65,prone,~하기 쉬운; (납작) 엎드린
표제어,Day 65,flatter,"아첨하다, 비위 맞추다"
파생어,Day 65,flattery,"아첨, 아부"
표제어,Day 65,malfunction,"고장, 기능 부전; 제 기능을 발휘하지 않다"
표제어,Day 65,mandate,"위임 통치; 위임, 권한; 통치를 위임하다; (~하도록) 명령하다"
표제어,Day 66,surplus,"나머지, 여분; 나머지의"
표제어,Day 66,speculate,사색하다; 추측하다; (주식· 토지 등에) 투기하다
파생어,Day 66,speculate about,"(~에 대하여) 사색하다, 추측하다"
표제어,Day 66,sober,술에 취하지 않은; 분별 있는; 술이 깨다; 진지해지다
파생어,Day 66,sobriety,취하지 않은 상태; 진지함
표제어,Day 66,conservatory,온실
표제어,Day 66,fabulous,"굉장한, 멋진"
파생어,Day 66,fabulously,"엄청나게, 놀랄 만큼"
표제어,Day 66,pledge,"서약, 공약; 담보; 서약하다"
표제어,Day 66,retrieve,"되찾다, 만회하다"
파생어,Day 66,retrieval,"회복, 만회"
표제어,Day 66,grant,"주다, 수여하다; 인정하다; 보조금"
파생어,Day 66,take ~ for granted,~을 당연한 일로 생각하다
표제어,Day 66,scramble,기어오르다; 바삐 서둘러 하다
표제어,Day 66,spiral,나선형의; 나선; 나선꼴로 움직이다
표제어,Day 66,collide,"충돌하다, 부딪치다; 일치하지 않다"
파생어,Day 66,collision,충돌
표제어,Day 66,drawback,"장애, 방해, 결점, 불리"
표제어,Day 66,reluctant,"(마음이) 내키지 않는, 꺼리는"
파생어,Day 66,reluctantly,"마지못해, 싫어하며"
파생어,Day 66,reluctance,"싫음, 마음 내키지 않음"
표제어,Day 66,plunge,"뛰어들다, 곤두박질치다, 추락하다"
표제어,Day 66,subdue,"(나라·국민 등을) 정복하다, 진압하다; 복종시키다; (감정·충동 등을) 억누르다"
표제어,Day 66,steer,조종하다
표제어,Day 66,pastoral,"전원생활의, 시골의; 목사(직무)의"
표제어,Day 66,ransom,"몸값, 배상금; (배상금을 치르고) 되찾다"
파생어,Day 66,hold ~ for ransom,~을 인질로 해서 몸값을 요구하다
표제어,Day 66,summon,소환하다; (의회 등을) 소집하다
표제어,Day 66,flourish,"번창하다, 번성하다; 건강하다"
표제어,Day 66,fabric,"직물, 천; (사회·건물 등의) 구조"
파생어,Day 66,fabricate,날조하다; 제작하다
표제어,Day 66,vegetation,"식물, 초목"
표제어,Day 66,maternity,"어머니임, 모성; 임산부의"
표제어,Day 66,drowsy,"졸리는, 나른한"
파생어,Day 66,drowsiness,졸음
표제어,Day 66,rusty,"녹슨, 녹에서 생긴"
파생어,Day 66,rust,녹; 녹슬다
표제어,Day 67,soar,"급등하다; 날아오르다, 하늘 높이 날다"
표제어,Day 67,stack,"더미, 무더기; 쌓아 올리다"
표제어,Day 67,hypothesize,"가설을 세우다, 가정하다"
파생어,Day 67,hypothesis,"가설, 가정"
표제어,Day 67,impoverish,"가난하게 하다, 피폐하게 하다; 저하시키다"
파생어,Day 67,impoverished,"빈곤한, 가난해진"
표제어,Day 67,dwell,"살다, 거주하다"
파생어,Day 67,dwell on[upon],깊이 생각하다
파생어,Day 67,dweller,"거주자, 주민"
표제어,Day 67,shelter,"피난처, 은신처; 보호하다; 피하다"
파생어,Day 67,sheltered,보호받고 있는
표제어,Day 67,priest,"성직자, 목사"
파생어,Day 67,priestly,"성직자의, 사제의"
표제어,Day 67,supplement,"보완하다; 보완, 보충"
파생어,Day 67,supplementary,"보충하는, 추가의"
표제어,Day 67,vein,정맥
표제어,Day 67,regime,정치 제도; 정권; 사회 제도
표제어,Day 67,splash,"(물 등이) 튀다, 튀기다; 튀기기, 튀기는 소리"
파생어,Day 67,splashy,눈에 확 띄는
표제어,Day 67,derive,"얻다, 끌어내다; (~에서) 비롯되다, 나오다"
파생어,Day 67,derivative,유도된; 파생어[물]
파생어,Day 67,derivation,어원
표제어,Day 67,stereotype,고정 관념
표제어,Day 67,toll,사용세; 사상자 수; 종소리; 종을 쳐서 알리다
파생어,Day 67,death toll,사망자 수
표제어,Day 67,vendor,"행상인, 노점 상인"
표제어,Day 67,mumble,중얼거림; 중얼중얼 말하다
표제어,Day 67,swirl,소용돌이치다; 소용돌이
표제어,Day 67,contemplate,심사숙고하다; 응시하다; 예상하다
파생어,Day 67,contemplation,숙고; 응시
파생어,Day 67,contemplative,숙고하는
표제어,Day 67,rigid,굳은; 고정된; 엄격한
파생어,Day 67,rigidity,"단단함, 경직; 엄격"
표제어,Day 67,compartment,"구획, 칸막이; 칸막이 객실"
표제어,Day 67,congestion,"밀집, 혼잡"
표제어,Day 67,stride,성큼성큼 걷다
표제어,Day 67,inward,"안으로; 안의, 내부의"
표제어,Day 67,affluent,"부유한, 유복한"
파생어,Day 67,affluently,부유하게
파생어,Day 67,affluence,"풍족, 유복"
표제어,Day 67,tease,"괴롭히다, 놀리다"
표제어,Day 68,blaze,불길; 밝게 타다; 빛나다
파생어,Day 68,blazing,타는 듯이 더운; 맹렬한
표제어,Day 68,weave,"(천을) 짜다, 엮다; 짜기, 엮는 법"
파생어,Day 68,weaver,"베 짜는 사람, 직공(織工)"
표제어,Day 68,immerse,"담그다, 적시다; 열중[몰두]시키다"
파생어,Day 68,immersion,"담금; 열중, 몰두"
표제어,Day 68,arbitrary,"임의의, 제멋대로의; 독단적인"
표제어,Day 68,retrospect,"회상, 추억"
파생어,Day 68,in retrospect,돌이켜보면
표제어,Day 68,acoustic,"청각의; 음의, 음향의"
표제어,Day 68,hive,"벌통, 벌집; 발진, 두드러기; 붐비는 장소"
표제어,Day 68,crush,눌러 부수다; 가루로 만들다
표제어,Day 68,integral,"없어서는 안 될, 필수의; 통합된, 완전한"
표제어,Day 68,righteous,옳은; 정당한; 정의로운
표제어,Day 68,ragged,누더기의; 초라한
파생어,Day 68,rag,"넝마, 누더기"
표제어,Day 68,nomad,유목민
파생어,Day 68,nomadic,"유목의, 방랑의"
표제어,Day 68,frown,눈살을 찌푸리다; 찌푸린 얼굴
표제어,Day 68,foster,"육성하다, 촉진하다; 양육하다"
표제어,Day 68,ubiquitous,(동시에) 어디에나 있는
표제어,Day 68,monk,수도사
표제어,Day 68,stake,"말뚝, 막대기; 내기; 이해관계"
파생어,Day 68,at stake,"위태로운, 성패가 달린"
파생어,Day 68,have a stake in,~에 이해관계에 있다
표제어,Day 68,illusion,"환각, 환영; 착각"
파생어,Day 68,illusionist,마술사
파생어,Day 68,illusory,"착각을 일으키는, 현혹시키는"
표제어,Day 68,delude,"속이다, 착각하게 하다"
파생어,Day 68,delusion,"망상; 착각, 오해"
파생어,Day 68,delude A into v-ing,A를 속여 ~시키다
표제어,Day 68,tilt,"기울(이)다, 경사지게 하다"
표제어,Day 68,discreet,분별 있는; 신중한; 조심스러운
표제어,Day 68,by-product,부산물; 부차적 결과
표제어,Day 68,texture,"조직, 구성; 결, 감촉"
파생어,Day 68,textural,"조직상의, 피륙의"
표제어,Day 68,cradle,"요람, 유아용 침대"
파생어,Day 68,from (the) cradle to (the) grave,"요람에서 무덤까지, 일생 동안"
표제어,Day 68,clutch,"꽉 잡다, 부여잡다"
표제어,Day 69,tenant,"임차인, 차용자, 소작인"
파생어,Day 69,tenancy,차용 (기간)
표제어,Day 69,coexist,"동시에 존재하다, 공존하다"
파생어,Day 69,coexistence,공존
표제어,Day 69,legitimate,"합법적인, 정당한; 진짜의"
표제어,Day 69,insulate,"절연[단열, 방음]하다; 고립시키다"
파생어,Day 69,insulation,"절연[단열, 방음] 재료"
표제어,Day 69,console,"위로하다, 힘내게 하다"
파생어,Day 69,consolation,"위로, 위안(이 되는 것)"
파생어,Day 69,consolatory,위로하기 위한
표제어,Day 69,cope,잘 처리하다
표제어,Day 69,taboo,금기; 금기의
표제어,Day 69,domestic,국내의; 가정 내의; (동물이) 길든
파생어,Day 69,domesticate,(동물을) 길들이다
표제어,Day 69,shatter,산산이 부수다; 파괴하다
파생어,Day 69,shattering,엄청나게 충격적인
표제어,Day 69,flock,"떼, 무리; 모이다, 떼를 지어 가다"
표제어,Day 69,criterion,"표준, 기준, 척도"
표제어,Day 69,deficit,"부족(액), 적자"
표제어,Day 69,basin,대야; 세면대
표제어,Day 69,loop,"고리, 올가미; 고리로 만들다"
표제어,Day 69,cuisine,(특별한) 요리(법)
표제어,Day 69,disperse,"흩어지게 하다, 분산시키다; 뿌리다"
파생어,Day 69,dispersion,"확산, 분산"
표제어,Day 69,trim,"다듬다, 정돈하다; 잘 정돈된; 정돈(된 상태)"
표제어,Day 69,parallel,평행의; 유사한; 유사; ~와 유사하다
표제어,Day 69,haunt,(유령 등이) 출몰하다; 끊임없이 떠오르다; 자주 가는 곳
표제어,Day 69,sake,"동기, 이익, 목적"
파생어,Day 69,for one’s sake,~을 위해서
파생어,Day 69,for the sake of,"~ 때문에, ~을 위해서"
표제어,Day 69,inborn,"타고난, 선천적인"
표제어,Day 69,rage,"격노, 분노; 격노하다"
파생어,Day 69,raging,"극심한, 격렬한"
표제어,Day 69,drift,표류; 퇴적물; 일반적인 경향; 떠돌다; 방황하다
파생어,Day 69,on the drift,"표류하여, 방랑하여"
표제어,Day 69,tame,"길들이다, 온순해지다; 길들여진, 순한; 지루한"
파생어,Day 69,tamer,"길들이는 사람, 조련사"
표제어,Day 69,bias,선입관; 편견
파생어,Day 69,biased,편견을 가진
표제어,Day 70,eloquent,"웅변의, 청중을 사로잡는; 표현[표정]이 풍부한"
파생어,Day 70,eloquently,"웅변으로, 능변으로"
파생어,Day 70,eloquence,"웅변, 능변"
표제어,Day 70,tangle,"엉키다, 얽히다; 엉킴; 혼란"
파생어,Day 70,tangled,헝클어진; 뒤얽힌
파생어,Day 70,entangle,뒤얽히게 하다
표제어,Day 70,perpetual,"영구적인, 끊임없는"
표제어,Day 70,strive,"노력하다, 분발하다"
파생어,Day 70,strife,"갈등, 투쟁"
표제어,Day 70,petal,꽃잎
표제어,Day 70,banish,"추방하다, 제거하다"
표제어,Day 70,eject,내쫓다; 해고하다
표제어,Day 70,stale,신선하지 않은; 상한
표제어,Day 70,harassment,"괴롭힘, 희롱"
파생어,Day 70,harass,"괴롭히다, 희롱하다"
파생어,Day 70,harassed,"지친, 시달린"
표제어,Day 70,alliance,"동맹, 협정, 연합"
파생어,Day 70,ally,동맹시키다[하다]; 동맹국
표제어,Day 70,hospitalize,입원시키다
파생어,Day 70,hospitalization,입원 (기간)
표제어,Day 70,numerical,"수의, 숫자로 표시된"
파생어,Day 70,numerically,숫자상으로
표제어,Day 70,halt,"정지, 멈춤; 정지시키다"
파생어,Day 70,bring ~ to a halt,~을 정지시키다
표제어,Day 70,virtual,"실질상의, 실제의; 가상(假想)의"
파생어,Day 70,virtually,"사실상, 거의"
표제어,Day 70,inhale,"들이마시다, 흡입하다"
파생어,Day 70,inhalation,흡입
표제어,Day 70,intimidate,"두려워하게 하다, 겁주다, 협박하다"
파생어,Day 70,intimidation,"협박, 위협"
파생어,Day 70,intimidated,겁을 내는
표제어,Day 70,afflict,"괴롭히다, 들볶다"
파생어,Day 70,affliction,고통(의 원인)
표제어,Day 70,stumble,비틀거리다; 넘어질 뻔하다
표제어,Day 70,pioneer,개척자; 개척하다
표제어,Day 70,stance,"자세; 태도, 입장"
표제어,Day 70,acute,"심한, 격렬한; 날카로운, 예리한"
표제어,Day 70,summit,"정상, 꼭대기; 정상 회담"
표제어,Day 70,torch,횃불; 회중 전등
표제어,Day 70,soothe,"달래다, 위로하다; 편안하게 해주다"
표제어,Day 70,strand,"(실·머리카락의) 가닥; (이야기의) 요소, 맥락"
